course_id;category;level;duration_hours;language;instructor_id;price;release_date;is_certified;updated_at
1;Design;advanced;46.8;es;23;9.99;2022-06-01 09:47:54;True;2023-12-22 07:46:32
2;Design;intermediate;6.1;en;40;14.99;2022-05-29 10:17:31;False;2023-01-22 09:57:41
3;Design;beginner;21.8;es;86;19.99;2022-05-13 16:18:31;False;2022-12-10 11:18:10
4;AI;beginner;10.5;es;99;24.99;2022-05-05 23:36:06;True;2023-08-08 14:32:30
5;AI;intermediate;9.1;fr;82;29.99;2022-06-08 12:09:22;False;2023-07-22 05:43:55
6;AI;advanced;35.6;es;11;34.99;2022-05-25 17:02:24;False;2022-11-28 04:54:59
7;AI;intermediate;37.8;fr;98;39.99;2022-05-05 22:12:59;False;2023-05-24 19:21:34
8;Marketing;intermediate;12.7;fr;32;44.99;2022-05-08 15:52:46;True;2022-09-01 17:28:50
9;Design;intermediate;19.5;en;93;49.99;2022-06-03 02:12:43;False;2022-12-30 09:31:06
10;Design;beginner;31.6;fr;64;59.99;2022-05-26 09:39:59;False;2022-07-23 08:28:31
11;Design;beginner;22.1;es;41;9.99;2022-05-11 12:07:37;True;2022-09-13 23:55:11
12;Design;beginner;27.2;fr;44;14.99;2022-06-03 04:05:57;False;2022-09-18 09:01:29
13;AI;beginner;6.9;fr;19;19.99;2022-05-06 12:59:20;False;2023-03-08 20:24:49
14;Marketing;advanced;9.9;fr;65;24.99;2022-05-16 13:41:53;True;2022-07-17 14:21:07
15;AI;advanced;25.8;es;26;29.99;2022-05-26 10:18:05;True;2023-04-06 06:15:06
16;Design;advanced;38.3;en;30;34.99;2022-06-02 03:19:23;False;2023-03-10 16:40:01
17;Design;beginner;48.4;es;28;39.99;2022-06-23 21:12:28;True;2023-05-31 07:07:11
18;Design;beginner;16.5;en;64;44.99;2022-06-09 10:24:44;True;2022-07-25 08:55:10
19;AI;beginner;16.2;es;98;49.99;2022-05-15 00:43:34;True;2023-06-19 21:40:31
20;Marketing;intermediate;48.0;es;18;59.99;2022-05-27 18:17:23;False;2023-11-19 23:09:38
21;Design;advanced;46.1;en;43;9.99;2022-05-07 14:25:44;True;2023-01-24 22:09:08
22;AI;beginner;1.9;es;62;14.99;2022-05-28 12:12:22;False;2024-01-12 09:45:08
23;Design;beginner;22.6;es;13;19.99;2022-06-01 18:05:27;True;2023-05-21 17:42:44
24;AI;advanced;25.9;en;48;24.99;2022-06-04 20:37:26;True;2022-10-19 00:43:44
25;Design;beginner;22.3;fr;41;29.99;2022-06-02 02:57:27;True;2023-12-30 23:37:26
26;Marketing;intermediate;32.8;es;65;34.99;2022-05-23 18:21:09;True;2023-03-29 15:31:30
27;Marketing;advanced;25.8;fr;95;39.99;2022-06-01 22:08:25;False;2023-11-16 18:53:07
28;Design;advanced;38.2;es;36;44.99;2022-05-22 03:35:40;False;2023-02-04 05:00:15
29;AI;advanced;46.8;es;22;49.99;2022-05-15 12:35:56;False;2022-09-24 01:13:11
30;AI;advanced;33.0;en;33;59.99;2022-05-23 00:24:50;True;2023-08-06 04:33:55
31;Design;intermediate;46.6;es;35;9.99;2022-05-25 20:08:07;True;2024-01-31 19:44:10
32;AI;advanced;36.2;en;25;14.99;2022-05-24 05:47:54;True;2022-10-28 08:36:26
33;Design;beginner;4.0;es;38;19.99;2022-05-24 06:04:44;True;2022-09-26 05:16:40
34;AI;intermediate;15.7;fr;68;24.99;2022-05-28 12:57:05;True;2023-10-06 17:02:50
35;Marketing;advanced;13.6;fr;88;29.99;2022-05-15 11:39:37;False;2023-06-22 12:11:14
36;AI;advanced;39.9;fr;59;34.99;2022-05-21 10:18:43;True;2023-06-20 03:46:13
37;AI;advanced;45.8;es;56;39.99;2022-05-14 04:56:24;False;2022-09-07 12:48:19
38;Marketing;advanced;38.9;es;42;44.99;2022-06-03 21:57:34;True;2022-07-25 06:36:33
39;Marketing;intermediate;34.1;fr;6;49.99;2022-05-20 15:10:36;False;2023-06-03 17:34:02
40;Marketing;beginner;24.7;fr;6;59.99;2022-05-15 22:03:30;False;2023-11-07 23:47:22
41;Marketing;intermediate;21.4;en;90;9.99;2022-06-25 22:38:32;False;2022-07-29 03:41:22
42;Design;intermediate;9.4;es;81;14.99;2022-05-18 08:16:09;False;2022-12-12 17:09:34
43;AI;beginner;45.8;fr;94;19.99;2022-05-30 13:21:15;True;2023-04-30 18:00:24
44;Marketing;beginner;26.5;fr;65;24.99;2022-06-03 19:25:30;False;2023-04-06 11:11:46
45;Marketing;intermediate;37.5;fr;15;29.99;2022-05-28 15:22:03;True;2023-07-01 08:15:01
46;Marketing;beginner;43.4;en;45;34.99;2022-06-10 06:12:39;False;2023-01-04 08:20:30
47;Design;advanced;3.8;en;77;39.99;2022-05-17 11:04:06;True;2023-03-10 23:27:00
48;Marketing;advanced;23.3;es;46;44.99;2022-06-18 09:40:16;True;2022-08-20 06:00:21
49;Marketing;beginner;46.1;es;90;49.99;2022-05-09 04:37:36;True;2022-11-02 19:22:07
50;AI;intermediate;43.3;es;27;59.99;2022-06-25 11:22:03;True;2023-06-03 00:59:39
51;Design;beginner;38.8;es;40;9.99;2022-05-17 03:02:41;False;2023-03-02 14:36:30
52;Design;advanced;14.4;es;64;14.99;2022-06-07 17:55:54;True;2023-12-21 15:00:35
53;Marketing;beginner;45.4;en;9;19.99;2022-05-11 09:48:47;True;2022-12-18 14:29:18
54;Marketing;beginner;23.5;es;74;24.99;2022-06-06 15:50:14;True;2022-12-29 01:49:46
55;Design;intermediate;28.2;fr;41;29.99;2022-05-09 12:42:45;True;2023-10-15 23:33:02
56;AI;beginner;23.8;es;1;34.99;2022-05-15 08:09:26;True;2024-01-21 00:20:04
57;Design;intermediate;2.3;en;76;39.99;2022-05-31 12:59:03;False;2023-11-01 03:45:48
58;Marketing;intermediate;48.5;fr;45;44.99;2022-05-08 11:32:45;True;2022-09-10 10:19:13
59;AI;intermediate;39.4;en;19;49.99;2022-05-13 18:49:33;True;2023-05-28 21:29:01
60;AI;intermediate;44.6;en;22;59.99;2022-05-26 11:16:24;False;2023-10-03 13:54:58
61;Design;advanced;22.7;es;61;9.99;2022-06-02 01:04:20;True;2023-05-04 02:33:35
62;Design;advanced;27.9;en;10;14.99;2022-05-08 04:58:08;True;2022-07-21 08:20:32
63;Design;intermediate;44.1;es;64;19.99;2022-05-28 10:57:37;False;2022-10-03 00:11:31
64;Design;advanced;22.6;en;89;24.99;2022-05-23 08:37:08;True;2023-08-02 00:42:26
65;Marketing;advanced;46.4;en;18;29.99;2022-05-26 10:57:29;False;2023-12-28 01:57:03
66;AI;intermediate;29.6;es;98;34.99;2022-05-06 22:06:58;True;2023-09-06 08:11:46
67;Design;beginner;5.0;es;61;39.99;2022-05-30 20:07:15;True;2022-12-14 17:18:14
68;Marketing;advanced;29.3;es;72;44.99;2022-05-17 13:00:49;True;2022-08-10 10:53:36
69;Marketing;beginner;30.1;fr;74;49.99;2022-05-19 23:33:34;False;2022-10-13 11:43:16
70;AI;beginner;6.8;en;33;59.99;2022-05-26 15:08:43;True;2023-04-30 04:21:24
71;Marketing;beginner;24.1;es;74;9.99;2022-06-04 18:14:39;False;2023-02-22 09:36:43
72;AI;beginner;43.3;en;52;14.99;2022-06-04 16:35:00;False;2023-09-03 00:44:21
73;AI;advanced;35.3;en;48;19.99;2022-05-14 18:03:13;False;2022-12-27 08:26:10
74;Design;advanced;31.0;en;37;24.99;2022-06-07 01:59:44;True;2022-06-12 00:09:32
75;Marketing;intermediate;28.6;fr;39;29.99;2022-05-13 03:07:15;True;2022-08-25 07:14:56
76;AI;intermediate;47.8;fr;60;34.99;2022-05-03 19:56:22;True;2022-10-05 00:47:22
77;Design;intermediate;25.2;fr;57;39.99;2022-06-13 02:56:06;False;2023-10-11 09:24:58
78;AI;beginner;10.4;en;68;44.99;2022-05-16 06:55:58;False;2022-05-24 15:19:14
79;Marketing;beginner;40.0;fr;73;49.99;2022-05-07 21:20:32;False;2022-08-15 21:24:17
80;Design;intermediate;23.9;es;86;59.99;2022-07-08 06:06:35;True;2022-10-03 19:45:18
81;AI;intermediate;31.6;fr;52;9.99;2022-06-25 18:35:12;False;2023-05-30 09:47:02
82;Design;beginner;45.3;fr;5;14.99;2022-05-06 09:11:53;False;2023-04-14 18:44:42
83;Design;intermediate;7.0;fr;20;19.99;2022-05-30 06:47:38;True;2024-01-08 04:49:18
84;Marketing;beginner;22.2;en;32;24.99;2022-06-01 18:56:14;True;2023-06-30 10:54:32
85;Design;advanced;27.7;en;51;29.99;2022-06-01 10:55:13;True;2023-09-25 22:27:16
86;Design;intermediate;35.1;fr;13;34.99;2022-06-11 16:21:53;True;2022-09-09 05:43:19
87;Design;beginner;24.9;es;66;39.99;2022-05-24 07:31:36;True;2022-08-16 15:12:01
88;Design;intermediate;14.7;es;40;44.99;2022-05-23 11:13:12;False;2022-06-09 01:37:24
89;Design;beginner;16.3;en;79;49.99;2022-05-14 05:00:12;True;2023-04-22 05:40:21
90;Design;beginner;3.5;es;44;59.99;2022-06-02 10:08:54;False;2023-02-16 11:18:36
91;Design;beginner;1.7;fr;16;9.99;2022-06-06 14:44:01;True;2023-01-22 21:41:15
92;Design;beginner;45.1;en;3;14.99;2022-05-09 20:36:15;False;2023-10-21 20:29:49
93;Marketing;beginner;40.6;es;95;19.99;2022-06-02 05:10:30;False;2022-10-21 04:30:47
94;Marketing;beginner;9.4;fr;9;24.99;2022-05-25 04:03:37;True;2023-11-11 20:16:53
95;AI;advanced;19.2;es;59;29.99;2022-05-30 03:46:22;True;2023-05-14 12:12:04
96;Marketing;beginner;35.4;es;8;34.99;2022-05-19 05:38:02;False;2023-11-22 07:55:38
97;Marketing;advanced;2.3;fr;9;39.99;2022-05-28 23:14:21;True;2023-01-01 19:38:41
98;Design;intermediate;38.2;en;23;44.99;2022-05-20 20:04:17;False;2024-01-20 00:02:28
99;Marketing;advanced;10.6;es;65;49.99;2022-05-13 20:54:02;False;2023-06-30 03:57:09
100;AI;advanced;14.1;es;68;59.99;2022-05-03 02:52:53;True;2023-01-26 06:11:27
101;Design;advanced;38.0;es;93;9.99;2022-07-06 19:16:25;False;2024-02-12 04:09:44
102;Design;advanced;6.9;es;23;14.99;2022-05-28 09:40:12;False;2022-08-16 03:05:29
103;Marketing;beginner;25.1;es;90;19.99;2022-05-22 19:36:46;True;2023-03-15 21:19:52
104;Design;beginner;20.8;en;71;24.99;2022-05-21 05:37:13;True;2022-05-31 09:46:09
105;Design;beginner;4.7;fr;36;29.99;2022-05-08 22:39:17;False;2023-01-16 19:01:23
106;Design;beginner;1.8;es;10;34.99;2022-06-19 15:28:22;False;2023-04-10 06:24:27
107;Design;beginner;14.1;fr;38;39.99;2022-05-29 23:36:16;False;2023-04-08 04:24:10
108;AI;advanced;35.9;fr;92;44.99;2022-06-10 05:57:47;False;2023-02-22 21:02:24
109;Marketing;beginner;23.1;es;4;49.99;2022-05-24 06:38:48;False;2023-07-20 13:56:53
110;Design;advanced;31.2;fr;51;59.99;2022-05-29 07:38:36;True;2022-12-30 21:41:05
111;AI;beginner;14.3;fr;19;9.99;2022-05-11 16:02:38;True;2023-01-01 02:51:37
112;AI;advanced;1.3;en;2;14.99;2022-05-25 09:01:11;False;2022-09-07 12:35:06
113;Design;beginner;26.0;fr;41;19.99;2022-05-08 13:08:21;False;2023-03-17 11:50:32
114;Design;advanced;49.5;es;86;24.99;2022-06-16 06:08:26;True;2023-08-26 09:03:24
115;AI;advanced;28.3;en;1;29.99;2022-05-19 03:22:40;True;2023-04-29 06:12:42
116;Design;beginner;1.7;fr;89;34.99;2022-06-04 08:53:46;False;2022-11-27 17:44:39
117;Design;intermediate;42.7;fr;36;39.99;2022-05-17 14:08:00;False;2024-01-23 00:19:51
118;Design;advanced;22.4;es;79;44.99;2022-06-03 01:39:03;False;2024-01-20 13:00:15
119;AI;advanced;35.0;es;60;49.99;2022-05-23 21:39:18;True;2022-12-20 18:08:03
120;Design;advanced;29.3;fr;17;59.99;2022-05-13 09:40:16;False;2022-11-18 16:20:45
121;Marketing;beginner;37.7;es;32;9.99;2022-05-04 07:00:36;False;2022-11-21 17:53:37
122;Design;intermediate;45.8;fr;71;14.99;2022-05-26 11:36:53;False;2023-01-04 15:03:13
123;Design;advanced;14.0;fr;66;19.99;2022-05-22 22:43:42;True;2023-09-17 09:31:58
124;AI;intermediate;1.9;es;68;24.99;2022-06-01 01:15:46;True;2023-03-26 00:14:03
125;Design;beginner;44.2;fr;66;29.99;2022-05-27 10:32:56;False;2023-01-01 20:34:50
126;AI;intermediate;24.8;es;100;34.99;2022-06-08 21:42:09;True;2023-04-27 10:24:14
127;AI;advanced;17.4;es;59;39.99;2022-05-19 07:07:50;False;2022-09-11 12:28:54
128;Design;intermediate;29.3;es;51;44.99;2022-06-10 18:50:42;True;2022-10-11 23:57:02
129;AI;intermediate;37.2;fr;52;49.99;2022-05-09 09:26:11;True;2022-09-09 03:37:31
130;AI;advanced;30.7;en;33;59.99;2022-05-31 18:03:54;True;2023-11-24 01:06:26
131;Marketing;beginner;31.5;en;32;9.99;2022-05-14 13:05:43;False;2023-11-20 18:52:21
132;Design;intermediate;38.6;es;28;14.99;2022-05-14 04:20:14;True;2022-06-08 10:41:09
133;Marketing;beginner;1.9;fr;90;19.99;2022-05-29 01:05:43;False;2022-07-13 09:14:40
134;Design;intermediate;33.4;es;53;24.99;2022-05-16 19:46:31;True;2023-08-04 00:43:21
135;Marketing;beginner;9.4;es;95;29.99;2022-05-28 10:59:37;False;2023-04-12 03:43:36
136;Design;beginner;25.5;es;40;34.99;2022-05-27 19:22:55;False;2022-08-10 22:24:02
137;Design;intermediate;42.3;en;96;39.99;2022-05-26 11:29:43;True;2022-09-12 00:35:50
138;AI;intermediate;18.5;fr;19;44.99;2022-05-05 06:53:01;True;2023-08-08 03:37:06
139;AI;intermediate;7.7;es;84;49.99;2022-06-03 21:12:31;False;2023-04-25 16:20:30
140;AI;intermediate;39.2;en;92;59.99;2022-05-14 22:30:34;False;2023-02-04 20:59:21
141;Marketing;intermediate;9.9;es;97;9.99;2022-05-23 09:21:57;True;2022-08-20 12:06:03
142;Marketing;advanced;10.7;en;95;14.99;2022-05-15 20:27:32;False;2022-12-18 07:59:00
143;Marketing;beginner;48.1;en;21;19.99;2022-05-08 17:42:34;False;2022-10-09 13:20:14
144;Design;beginner;18.2;fr;16;24.99;2022-05-22 05:26:44;False;2022-05-28 21:20:12
145;Design;intermediate;22.3;es;61;29.99;2022-05-27 01:19:26;False;2023-04-28 12:49:11
146;AI;beginner;41.0;en;100;34.99;2022-05-26 13:47:21;True;2023-06-09 14:46:43
147;Design;intermediate;3.8;fr;76;39.99;2022-05-22 21:00:39;True;2022-07-23 22:25:32
148;Design;intermediate;42.2;fr;37;44.99;2022-05-19 05:14:53;True;2022-06-20 12:48:22
149;Design;beginner;7.8;fr;17;49.99;2022-05-19 06:56:29;False;2023-03-26 14:59:11
150;Design;beginner;43.7;es;79;59.99;2022-07-08 16:39:35;True;2023-12-05 11:26:30
151;Design;intermediate;11.4;en;34;9.99;2022-05-28 09:40:57;False;2023-02-14 07:23:05
152;Marketing;advanced;44.9;es;6;14.99;2022-05-25 08:57:50;False;2024-01-12 07:35:23
153;Marketing;advanced;31.8;es;49;19.99;2022-05-27 17:22:35;False;2022-08-20 12:48:17
154;Design;beginner;34.6;en;23;24.99;2022-05-31 09:22:00;False;2022-12-03 15:35:01
155;AI;advanced;11.4;en;94;29.99;2022-05-14 14:28:54;False;2023-04-28 22:40:56
156;Design;intermediate;12.1;es;86;34.99;2022-05-13 14:29:25;True;2022-09-30 18:31:23
157;Marketing;beginner;9.8;fr;90;39.99;2022-05-25 01:23:55;True;2023-08-01 13:54:22
158;Marketing;advanced;44.1;en;29;44.99;2022-05-05 22:56:53;True;2022-06-02 09:41:36
159;Marketing;advanced;33.8;fr;39;49.99;2022-05-30 22:02:00;False;2023-06-13 09:28:04
160;Marketing;advanced;2.9;en;65;59.99;2022-05-26 03:19:41;True;2023-11-10 19:17:33
161;AI;beginner;23.9;en;99;9.99;2022-05-24 05:18:27;True;2023-06-07 03:27:33
162;AI;beginner;11.9;fr;31;14.99;2022-06-04 18:27:13;False;2022-12-26 17:45:55
163;Marketing;intermediate;38.6;es;74;19.99;2022-05-23 23:10:00;True;2023-07-04 18:25:41
164;Marketing;intermediate;14.2;fr;47;24.99;2022-05-23 00:02:12;False;2024-02-09 06:39:10
165;Design;advanced;16.9;en;64;29.99;2022-05-25 22:09:37;True;2023-07-09 11:24:54
166;AI;beginner;35.8;en;84;34.99;2022-06-10 01:40:23;False;2022-08-31 18:13:24
167;Design;advanced;41.8;en;76;39.99;2022-05-27 03:29:15;False;2022-12-24 05:38:03
168;Design;intermediate;38.4;fr;38;44.99;2022-06-06 03:10:16;False;2022-11-22 11:06:46
169;Design;intermediate;49.0;fr;13;49.99;2022-06-05 18:01:35;False;2023-11-07 14:33:10
170;AI;beginner;8.6;fr;83;59.99;2022-07-03 14:59:33;False;2023-02-12 17:36:44
171;AI;beginner;5.9;en;82;9.99;2022-05-27 07:28:38;True;2023-12-06 23:02:50
172;Design;beginner;22.9;fr;10;14.99;2022-05-26 23:29:36;False;2022-09-15 01:39:25
173;AI;intermediate;23.7;es;70;19.99;2022-06-06 06:44:56;False;2022-10-10 16:30:27
174;AI;beginner;2.6;fr;68;24.99;2022-06-13 04:57:08;False;2023-09-26 01:32:30
175;Marketing;advanced;36.6;es;6;29.99;2022-05-31 11:34:14;False;2022-07-01 06:58:17
176;Design;intermediate;12.0;es;67;34.99;2022-05-26 05:23:09;True;2023-01-17 05:33:07
177;Marketing;beginner;3.3;en;97;39.99;2022-05-27 20:15:17;False;2022-12-02 19:35:15
178;Marketing;intermediate;8.3;en;47;44.99;2022-06-07 09:46:34;True;2024-01-03 07:08:47
179;AI;beginner;2.2;fr;94;49.99;2022-05-11 15:44:09;False;2022-10-20 01:19:31
180;AI;beginner;16.3;es;62;59.99;2022-06-07 12:52:46;True;2023-10-17 21:00:51
181;Design;advanced;41.9;en;58;9.99;2022-05-17 14:01:06;False;2023-12-18 10:29:39
182;Design;intermediate;8.5;es;57;14.99;2022-05-12 07:55:17;True;2023-09-10 05:15:45
183;Design;intermediate;7.2;en;58;19.99;2022-05-13 18:53:18;False;2023-10-04 20:26:39
184;AI;intermediate;38.8;es;52;24.99;2022-05-21 06:49:28;False;2023-07-17 23:39:47
185;AI;beginner;32.1;en;56;29.99;2022-05-22 00:56:44;True;2023-10-27 02:55:47
186;AI;intermediate;4.1;fr;2;34.99;2022-05-21 22:40:16;False;2023-04-30 15:47:14
187;Design;beginner;12.4;en;16;39.99;2022-05-08 02:55:41;False;2023-09-18 21:36:57
188;Design;beginner;23.3;fr;93;44.99;2022-05-11 18:36:47;True;2023-05-01 21:48:49
189;AI;beginner;23.1;fr;33;49.99;2022-05-28 23:15:35;True;2023-04-05 11:01:03
190;AI;intermediate;42.2;es;85;59.99;2022-05-08 21:55:08;True;2022-12-22 11:52:50
191;Design;beginner;19.5;es;38;9.99;2022-06-10 21:37:13;True;2023-06-21 16:56:43
192;Marketing;advanced;29.4;es;24;14.99;2022-05-08 04:29:08;True;2024-01-14 09:22:32
193;Design;intermediate;22.6;es;53;19.99;2022-06-01 08:58:34;False;2022-08-23 01:06:42
194;AI;advanced;13.5;fr;52;24.99;2022-06-16 15:56:15;True;2023-12-12 21:16:07
195;AI;advanced;34.4;es;19;29.99;2022-05-29 03:22:09;True;2023-08-24 05:07:56
196;AI;intermediate;11.5;es;50;34.99;2022-06-14 01:29:04;False;2023-01-27 19:53:31
197;Marketing;intermediate;35.1;en;97;39.99;2022-05-22 15:19:43;False;2023-08-16 18:35:50
198;AI;advanced;8.5;fr;60;44.99;2022-05-10 15:44:59;True;2023-12-15 13:14:49
199;Marketing;intermediate;38.2;fr;88;49.99;2022-06-02 12:08:46;True;2024-01-06 06:43:11
200;AI;beginner;18.8;en;99;59.99;2022-06-16 13:28:58;False;2023-04-29 12:29:53
201;AI;intermediate;17.4;es;50;9.99;2022-05-21 21:19:43;False;2023-10-14 03:10:19
202;AI;intermediate;26.5;es;2;14.99;2022-05-29 18:33:07;False;2022-10-20 16:57:26
203;Design;beginner;28.3;es;13;19.99;2022-05-06 18:14:08;False;2023-09-28 11:14:51
204;AI;beginner;41.1;fr;26;24.99;2022-05-05 17:26:22;True;2022-07-22 20:04:36
205;AI;intermediate;18.5;es;56;29.99;2022-05-30 19:55:27;False;2023-01-14 06:55:09
206;AI;intermediate;48.2;en;50;34.99;2022-05-16 15:14:02;True;2022-10-17 11:12:36
207;Marketing;advanced;3.0;en;91;39.99;2022-05-24 07:06:39;True;2023-06-14 05:33:48
208;Design;advanced;4.7;en;54;44.99;2022-05-02 18:17:51;True;2023-03-13 18:38:24
209;Marketing;beginner;11.9;en;91;49.99;2022-06-01 00:58:18;True;2024-02-13 17:44:30
210;Marketing;intermediate;42.8;fr;46;59.99;2022-05-25 09:25:34;True;2023-01-30 15:00:49
211;Marketing;advanced;25.4;fr;6;9.99;2022-06-12 18:24:07;False;2023-07-26 10:25:44
212;Marketing;intermediate;11.5;es;6;14.99;2022-05-30 09:03:29;False;2023-07-05 16:23:49
213;AI;intermediate;41.7;fr;56;19.99;2022-05-31 07:54:30;True;2022-09-14 17:18:38
214;AI;advanced;19.7;es;25;24.99;2022-06-05 20:02:27;True;2023-04-06 02:59:35
215;Design;advanced;33.0;en;86;29.99;2022-06-13 02:05:02;False;2023-12-05 23:55:52
216;Marketing;beginner;29.0;fr;21;34.99;2022-06-21 06:22:31;True;2024-01-31 09:00:18
217;Design;beginner;2.9;es;7;39.99;2022-05-28 01:18:46;False;2023-06-01 06:31:12
218;Design;beginner;15.2;es;3;44.99;2022-06-12 02:09:31;True;2024-02-02 11:23:07
219;Design;beginner;38.5;es;81;49.99;2022-05-10 16:47:12;False;2022-05-23 23:04:12
220;AI;intermediate;9.2;en;27;59.99;2022-05-22 10:54:21;False;2023-11-19 02:40:17
221;Design;intermediate;6.3;fr;41;9.99;2022-05-28 19:19:01;False;2023-02-20 14:23:12
222;Marketing;intermediate;22.8;fr;75;14.99;2022-05-21 07:35:36;True;2022-05-29 00:44:50
223;Design;intermediate;2.9;en;53;19.99;2022-05-23 16:51:18;False;2023-04-21 23:56:05
224;AI;advanced;21.5;fr;100;24.99;2022-05-06 11:47:44;True;2023-06-19 00:26:21
225;Design;advanced;42.0;fr;86;29.99;2022-05-11 23:47:15;False;2024-02-14 10:39:45
226;Design;beginner;2.8;en;35;34.99;2022-06-04 12:21:22;True;2023-03-14 15:42:15
227;Marketing;advanced;31.1;fr;32;39.99;2022-05-16 12:32:13;True;2023-10-16 22:29:20
228;Design;advanced;31.9;es;30;44.99;2022-06-02 04:06:55;True;2023-09-14 14:32:49
229;AI;intermediate;24.8;es;70;49.99;2022-05-28 15:59:25;True;2024-01-03 21:47:43
230;Design;advanced;44.3;en;44;59.99;2022-05-19 06:11:49;True;2023-10-01 23:30:28
231;Design;intermediate;21.3;en;28;9.99;2022-05-15 11:36:31;True;2023-10-31 04:54:11
232;Marketing;advanced;24.3;fr;4;14.99;2022-06-03 11:08:36;False;2023-03-10 03:31:47
233;Marketing;intermediate;3.4;en;88;19.99;2022-05-20 05:45:22;True;2023-08-23 00:56:25
234;Design;beginner;12.0;fr;89;24.99;2022-06-03 16:46:57;False;2022-12-09 04:26:05
235;Marketing;intermediate;36.7;es;49;29.99;2022-06-12 10:14:09;True;2023-10-14 10:14:04
236;Marketing;beginner;41.5;es;18;34.99;2022-05-20 20:48:36;False;2022-09-09 02:07:03
237;Design;advanced;19.9;fr;54;39.99;2022-05-28 14:57:38;False;2023-10-02 14:26:23
238;Marketing;advanced;45.2;es;32;44.99;2022-05-29 12:47:15;True;2023-07-12 17:46:22
239;AI;intermediate;37.6;fr;87;49.99;2022-05-18 19:51:16;True;2023-03-07 19:27:51
240;Design;advanced;19.7;fr;7;59.99;2022-06-03 06:17:45;True;2022-11-19 19:46:57
241;Marketing;intermediate;48.9;en;46;9.99;2022-05-15 09:12:17;False;2022-08-19 22:29:40
242;AI;beginner;8.2;es;69;14.99;2022-05-07 08:17:23;True;2023-12-03 02:39:21
243;AI;beginner;3.0;en;100;19.99;2022-06-02 20:32:28;False;2022-09-26 15:23:37
244;Marketing;advanced;43.1;es;91;24.99;2022-06-04 21:49:42;False;2023-11-20 14:05:56
245;AI;beginner;40.4;es;68;29.99;2022-05-11 01:05:07;True;2024-01-19 20:20:07
246;AI;advanced;20.0;es;87;34.99;2022-05-31 10:25:26;True;2023-05-12 04:02:13
247;Marketing;beginner;28.3;es;80;39.99;2022-05-28 11:08:56;True;2022-09-05 04:37:20
248;AI;beginner;17.1;en;27;44.99;2022-05-31 16:28:47;True;2022-08-28 07:26:29
249;Design;intermediate;30.2;es;77;49.99;2022-05-24 16:58:59;False;2023-08-20 12:20:15
250;Design;intermediate;33.0;es;58;59.99;2022-05-17 15:54:35;False;2024-01-03 13:47:39
251;Marketing;beginner;49.9;fr;75;9.99;2022-05-21 12:13:28;False;2022-10-04 13:52:52
252;Design;intermediate;4.5;es;40;14.99;2022-06-03 13:16:07;True;2023-05-15 08:17:16
253;AI;intermediate;17.4;en;62;19.99;2022-05-09 20:28:38;True;2023-07-23 11:35:41
254;Marketing;advanced;41.8;en;47;24.99;2022-05-22 06:06:24;True;2022-07-14 20:49:32
255;Marketing;beginner;26.4;en;4;29.99;2022-05-29 02:51:42;True;2023-05-07 06:19:32
256;Design;intermediate;3.1;es;54;34.99;2022-05-18 18:00:27;True;2023-12-03 10:33:12
257;AI;advanced;4.8;fr;62;39.99;2022-05-18 13:51:45;True;2022-10-26 21:32:41
258;AI;beginner;31.0;fr;19;44.99;2022-05-25 14:34:44;True;2023-09-05 09:07:57
259;Design;intermediate;33.0;fr;81;49.99;2022-05-20 19:04:37;True;2023-03-16 23:21:25
260;Marketing;advanced;13.7;fr;72;59.99;2022-05-16 05:54:40;True;2022-11-13 05:37:28
261;AI;beginner;39.2;fr;26;9.99;2022-05-17 06:14:12;True;2022-08-27 07:16:31
262;Design;intermediate;20.4;fr;23;14.99;2022-05-23 11:00:01;True;2023-01-17 23:20:52
263;Marketing;advanced;45.7;en;49;19.99;2022-06-04 22:03:09;False;2023-06-08 16:12:18
264;Design;intermediate;19.0;es;36;24.99;2022-06-02 02:58:40;True;2023-02-26 12:52:38
265;Design;beginner;22.2;en;10;29.99;2022-06-05 04:43:08;False;2023-05-08 02:08:48
266;AI;beginner;46.7;en;100;34.99;2022-05-14 23:16:23;False;2022-10-21 23:38:44
267;Design;beginner;32.5;fr;20;39.99;2022-05-11 05:22:49;True;2023-07-06 22:22:35
268;Marketing;beginner;38.9;fr;45;44.99;2022-05-04 08:24:30;True;2023-01-15 10:29:15
269;AI;intermediate;39.3;fr;99;49.99;2022-05-17 14:35:49;False;2023-01-30 20:47:09
270;Design;advanced;46.1;en;35;59.99;2022-06-01 08:35:22;True;2024-01-25 06:14:44
271;Marketing;advanced;32.1;fr;74;9.99;2022-05-18 05:25:54;False;2022-06-30 00:09:15
272;Marketing;beginner;44.2;es;90;14.99;2022-05-30 00:59:41;False;2023-05-14 07:32:49
273;AI;advanced;5.7;fr;59;19.99;2022-06-08 14:48:24;False;2023-12-02 00:35:25
274;Design;advanced;41.4;fr;54;24.99;2022-06-11 22:43:31;False;2022-06-22 00:55:49
275;Marketing;beginner;12.9;fr;9;29.99;2022-05-13 14:04:16;True;2023-09-13 18:11:40
276;AI;beginner;24.6;en;94;34.99;2022-05-18 17:39:03;True;2023-08-17 05:56:58
277;Design;intermediate;12.9;es;77;39.99;2022-06-06 13:52:48;True;2023-12-19 05:00:30
278;AI;advanced;34.7;en;25;44.99;2022-06-01 19:11:28;True;2022-11-28 01:04:49
279;Marketing;beginner;5.0;en;14;49.99;2022-05-21 19:14:46;True;2023-11-13 08:28:37
280;AI;intermediate;36.7;fr;84;59.99;2022-05-23 13:08:48;True;2023-04-14 22:29:14
281;Marketing;beginner;45.2;es;14;9.99;2022-05-12 04:06:07;True;2023-10-01 14:32:34
282;Marketing;intermediate;34.0;es;21;14.99;2022-05-27 15:21:57;False;2023-11-12 23:00:29
283;Marketing;advanced;6.2;en;8;19.99;2022-06-11 22:12:27;True;2022-11-20 16:22:57
284;AI;beginner;30.6;es;92;24.99;2022-05-16 02:42:23;True;2022-10-27 18:21:30
285;Design;beginner;26.1;en;17;29.99;2022-05-25 05:53:40;False;2023-01-11 22:16:29
286;AI;intermediate;47.8;en;94;34.99;2022-05-17 21:05:49;False;2022-06-23 12:43:38
287;Design;intermediate;46.9;fr;71;39.99;2022-05-31 04:17:44;True;2024-01-30 17:01:54
288;Design;intermediate;6.5;es;34;44.99;2022-05-09 07:25:31;False;2022-10-26 12:46:40
289;Design;advanced;48.2;en;30;49.99;2022-05-20 02:24:00;True;2023-12-12 02:01:06
290;AI;intermediate;8.4;fr;2;59.99;2022-06-11 13:57:19;False;2022-08-04 19:27:44
291;Design;beginner;2.9;en;7;9.99;2022-06-01 01:45:27;True;2023-11-01 19:11:35
292;Marketing;intermediate;44.6;en;21;14.99;2022-06-16 01:47:28;True;2023-05-26 17:09:40
293;AI;intermediate;3.2;en;87;19.99;2022-05-28 12:15:46;True;2023-04-11 05:55:26
294;Design;intermediate;34.6;en;36;24.99;2022-05-17 06:06:18;False;2023-10-08 10:04:46
295;AI;intermediate;18.4;en;1;29.99;2022-05-17 02:11:35;False;2024-01-12 09:20:04
296;AI;beginner;15.2;fr;22;34.99;2022-06-04 17:01:06;False;2022-10-09 05:55:12
297;AI;beginner;46.0;en;84;39.99;2022-05-03 15:09:44;True;2023-10-19 22:06:01
298;Marketing;beginner;28.3;en;95;44.99;2022-05-26 11:07:10;True;2022-07-13 15:31:16
299;Design;intermediate;28.4;fr;86;49.99;2022-06-04 11:52:01;True;2022-08-01 04:04:50
300;Marketing;advanced;36.3;es;4;59.99;2022-05-18 20:52:44;True;2022-09-28 18:06:22
301;Design;advanced;5.5;en;86;9.99;2022-05-30 14:49:12;True;2023-05-07 08:52:05
302;Marketing;advanced;7.5;en;90;14.99;2022-06-02 07:20:34;True;2023-10-14 22:47:41
303;Design;advanced;24.5;en;79;19.99;2022-05-21 17:05:25;False;2022-11-08 13:08:19
304;AI;beginner;14.0;en;59;24.99;2022-05-29 18:27:13;False;2023-01-27 07:17:07
305;Design;advanced;48.6;en;89;29.99;2022-06-25 21:10:53;True;2023-12-05 04:10:42
306;Design;intermediate;11.4;en;3;34.99;2022-05-22 07:49:14;False;2024-01-27 05:08:01
307;Design;beginner;24.5;en;17;39.99;2022-05-21 23:50:53;False;2024-01-13 16:55:41
308;AI;beginner;41.2;es;31;44.99;2022-05-26 17:23:34;False;2022-07-20 13:24:26
309;AI;advanced;2.1;en;22;49.99;2022-05-23 13:05:30;True;2023-11-15 09:17:27
310;AI;intermediate;25.2;es;26;59.99;2022-05-24 15:39:42;False;2023-07-08 16:21:52
311;Design;advanced;41.0;fr;34;9.99;2022-06-12 07:51:09;True;2023-08-06 01:06:41
312;Design;intermediate;8.4;es;67;14.99;2022-05-04 05:15:56;True;2023-01-25 23:08:41
313;Marketing;beginner;27.8;es;91;19.99;2022-05-23 11:14:18;True;2023-10-30 01:47:24
314;AI;beginner;28.4;fr;11;24.99;2022-05-28 08:49:02;False;2023-03-26 05:29:45
315;AI;intermediate;12.0;es;84;29.99;2022-05-27 03:23:55;True;2023-07-25 00:13:57
316;AI;advanced;1.5;en;98;34.99;2022-05-31 23:04:33;True;2023-05-30 21:10:47
317;AI;intermediate;9.8;es;56;39.99;2022-05-19 13:12:36;False;2022-07-02 09:46:17
318;Design;intermediate;15.8;es;35;44.99;2022-06-01 10:58:27;True;2023-07-26 06:58:33
319;AI;intermediate;2.6;fr;85;49.99;2022-06-21 04:08:02;True;2022-09-11 21:24:03
320;Design;intermediate;33.8;fr;79;59.99;2022-05-05 00:54:07;True;2024-02-04 00:18:39
321;AI;advanced;16.9;es;27;9.99;2022-05-18 08:31:39;True;2022-12-18 23:35:24
322;Design;intermediate;16.2;en;5;14.99;2022-05-08 16:17:41;False;2023-07-10 07:27:30
323;Marketing;intermediate;1.9;es;90;19.99;2022-06-05 18:24:09;True;2023-09-15 12:25:41
324;Design;beginner;28.1;es;30;24.99;2022-05-29 03:16:55;True;2023-02-20 13:28:14
325;AI;intermediate;10.8;fr;85;29.99;2022-05-27 17:45:44;True;2023-10-01 16:18:29
326;Design;intermediate;47.3;en;5;34.99;2022-05-22 05:25:04;False;2023-10-24 10:19:36
327;Marketing;advanced;4.7;fr;45;39.99;2022-07-09 11:29:18;True;2022-09-02 15:15:26
328;Marketing;beginner;22.6;fr;74;44.99;2022-06-15 12:17:51;True;2023-11-07 21:19:41
329;Design;intermediate;6.0;en;41;49.99;2022-05-19 22:00:45;False;2023-05-07 20:40:49
330;AI;beginner;45.2;en;26;59.99;2022-05-07 01:12:52;False;2023-04-21 11:50:38
331;Marketing;beginner;3.4;en;4;9.99;2022-05-07 03:59:44;True;2022-07-13 20:02:29
332;AI;intermediate;19.0;en;22;14.99;2022-06-07 13:08:32;False;2022-09-04 11:20:01
333;AI;intermediate;14.5;en;55;19.99;2022-06-07 21:30:17;True;2023-04-06 15:35:17
334;Marketing;advanced;9.9;es;72;24.99;2022-06-04 07:43:26;True;2022-09-29 21:00:26
335;Design;intermediate;27.4;fr;41;29.99;2022-06-06 12:08:55;False;2023-11-25 15:06:21
336;Design;beginner;25.2;fr;40;34.99;2022-05-11 13:18:22;False;2023-11-15 23:46:59
337;AI;intermediate;15.8;fr;1;39.99;2022-05-24 18:43:38;True;2022-12-13 12:21:58
338;Design;beginner;46.9;fr;77;44.99;2022-05-15 16:42:10;True;2023-05-06 06:10:18
339;Design;advanced;38.6;en;61;49.99;2022-06-10 15:53:40;True;2022-08-10 10:44:06
340;Marketing;beginner;17.5;en;12;59.99;2022-06-08 05:27:34;False;2022-06-19 22:39:18
341;Design;beginner;44.6;en;64;9.99;2022-06-15 18:53:34;False;2023-10-04 10:54:10
342;Design;beginner;33.8;fr;77;14.99;2022-05-31 13:51:30;False;2022-11-11 01:55:31
343;Design;beginner;37.3;fr;96;19.99;2022-06-06 09:21:30;False;2023-01-26 14:07:35
344;AI;beginner;19.8;es;83;24.99;2022-05-25 20:14:03;True;2023-03-13 00:25:52
345;Marketing;intermediate;7.9;fr;65;29.99;2022-05-22 21:38:51;True;2023-09-19 19:54:49
346;Design;intermediate;24.5;en;54;34.99;2022-05-25 20:17:20;True;2022-06-04 11:47:24
347;Design;intermediate;17.7;en;20;39.99;2022-05-29 12:29:55;False;2023-10-09 01:43:43
348;Marketing;advanced;33.7;fr;95;44.99;2022-05-28 16:18:51;True;2023-05-31 14:02:19
349;AI;intermediate;21.6;en;85;49.99;2022-05-23 08:26:20;True;2023-06-20 16:07:20
350;AI;intermediate;26.9;fr;99;59.99;2022-05-06 12:54:46;False;2022-12-13 20:29:11
351;Design;beginner;3.9;en;64;9.99;2022-05-25 06:12:48;False;2024-01-21 22:23:18
352;AI;advanced;7.2;en;2;14.99;2022-06-05 21:27:52;True;2022-07-21 21:04:41
353;AI;intermediate;42.2;es;48;19.99;2022-05-20 11:56:29;False;2023-06-02 18:25:33
354;Marketing;beginner;16.2;en;24;24.99;2022-05-14 14:57:41;True;2022-05-18 01:44:09
355;Design;advanced;6.9;en;71;29.99;2022-05-31 00:24:31;True;2023-10-07 08:13:44
356;AI;intermediate;7.3;es;50;34.99;2022-06-05 16:07:32;True;2024-02-13 19:47:34
357;Design;intermediate;20.1;fr;10;39.99;2022-05-25 03:28:04;False;2024-01-19 04:37:29
358;AI;intermediate;11.7;fr;11;44.99;2022-05-06 20:36:04;False;2023-10-13 17:06:08
359;Marketing;advanced;22.2;fr;72;49.99;2022-06-15 06:05:49;True;2023-04-22 01:13:17
360;Design;intermediate;38.1;en;30;59.99;2022-06-27 12:06:53;False;2022-07-29 04:46:44
361;Marketing;beginner;24.9;es;65;9.99;2022-05-20 06:04:22;True;2023-01-19 06:43:43
362;AI;intermediate;36.9;en;1;14.99;2022-06-12 10:20:07;False;2023-01-14 14:24:49
363;Marketing;beginner;40.6;en;47;19.99;2022-05-14 17:27:49;True;2022-07-06 11:16:56
364;AI;advanced;45.5;en;62;24.99;2022-05-28 00:23:17;False;2023-07-16 02:56:42
365;Marketing;advanced;18.7;es;88;29.99;2022-05-19 00:00:22;False;2022-05-20 02:39:07
366;AI;advanced;22.9;fr;84;34.99;2022-05-18 19:14:03;True;2022-08-09 08:10:15
367;Design;advanced;16.3;es;43;39.99;2022-05-31 12:03:17;False;2023-10-05 01:02:21
368;AI;beginner;43.1;es;25;44.99;2022-05-25 13:57:22;True;2023-02-28 14:42:52
369;AI;beginner;8.9;fr;1;49.99;2022-05-26 06:06:45;False;2023-06-05 23:32:56
370;Design;advanced;39.7;es;38;59.99;2022-05-16 13:31:29;False;2023-09-03 12:36:21
371;Marketing;intermediate;36.1;es;91;9.99;2022-05-20 16:40:04;True;2023-08-01 01:41:43
372;AI;beginner;29.5;en;50;14.99;2022-07-04 06:55:04;False;2023-09-02 04:14:11
373;Design;beginner;47.2;es;35;19.99;2022-05-12 18:50:14;True;2022-07-02 14:46:57
374;AI;beginner;2.2;fr;84;24.99;2022-06-01 16:45:20;False;2022-07-10 08:02:18
375;Marketing;advanced;14.1;es;49;29.99;2022-06-13 07:44:59;True;2023-05-31 23:12:45
376;Marketing;beginner;9.1;es;42;34.99;2022-05-31 10:05:51;False;2023-11-19 20:32:44
377;Marketing;advanced;4.8;en;45;39.99;2022-05-27 10:18:02;True;2023-12-18 01:32:15
378;AI;beginner;44.5;fr;99;44.99;2022-05-25 15:42:15;True;2023-02-23 07:57:34
379;AI;intermediate;8.1;fr;69;49.99;2022-06-02 03:53:13;True;2022-07-15 13:17:42
380;Marketing;advanced;16.2;es;18;59.99;2022-06-02 22:12:08;False;2023-08-08 01:54:59
381;AI;advanced;39.0;es;48;9.99;2022-06-04 22:28:05;True;2022-11-17 23:09:12
382;Marketing;beginner;19.2;fr;47;14.99;2022-05-09 19:51:19;False;2023-08-06 02:29:25
383;Design;advanced;48.2;fr;67;19.99;2022-05-05 20:52:59;True;2022-08-21 12:26:09
384;AI;advanced;20.7;fr;99;24.99;2022-06-06 12:31:16;False;2023-05-06 03:14:29
385;AI;advanced;40.0;fr;68;29.99;2022-05-15 20:03:40;True;2024-01-21 03:05:02
386;Marketing;beginner;38.1;es;95;34.99;2022-05-25 01:43:52;False;2023-05-09 02:40:46
387;Design;intermediate;5.1;es;20;39.99;2022-05-31 05:32:21;False;2023-08-13 23:16:40
388;AI;advanced;45.8;fr;68;44.99;2022-05-24 01:11:17;True;2023-02-03 06:11:40
389;AI;advanced;14.1;fr;62;49.99;2022-05-17 19:29:32;True;2023-07-27 20:31:04
390;Design;beginner;20.7;en;51;59.99;2022-05-19 07:04:01;False;2023-08-04 12:27:07
391;Design;beginner;35.6;fr;93;9.99;2022-05-06 03:48:49;True;2022-07-30 06:55:05
392;Marketing;advanced;29.3;es;21;14.99;2022-05-13 18:03:14;False;2023-09-23 16:42:50
393;Design;beginner;18.5;fr;67;19.99;2022-05-04 01:03:09;False;2023-09-01 05:29:13
394;AI;intermediate;33.5;es;68;24.99;2022-05-15 15:04:01;False;2023-08-02 02:05:06
395;Design;beginner;39.9;es;79;29.99;2022-05-06 12:49:54;True;2023-06-26 11:41:12
396;AI;beginner;22.3;es;52;34.99;2022-05-13 17:43:18;True;2022-09-27 11:01:10
397;Marketing;intermediate;16.0;fr;46;39.99;2022-05-27 08:00:45;False;2022-06-29 05:44:29
398;Design;intermediate;25.8;es;44;44.99;2022-05-13 05:45:32;False;2023-08-16 12:13:51
399;AI;beginner;39.7;fr;27;49.99;2022-05-25 20:13:26;True;2022-07-18 01:25:11
400;AI;beginner;14.3;en;59;59.99;2022-06-02 11:26:50;False;2023-11-29 07:06:57
401;Marketing;intermediate;19.7;en;9;9.99;2022-05-14 13:48:36;True;2023-09-21 22:20:44
402;Design;beginner;5.1;fr;96;14.99;2022-05-24 21:09:12;False;2024-02-14 18:34:53
403;Design;beginner;3.5;es;44;19.99;2022-05-16 07:48:31;True;2023-02-19 18:45:29
404;Design;intermediate;12.4;en;78;24.99;2022-06-03 16:51:24;False;2023-09-22 18:41:57
405;AI;advanced;16.2;fr;11;29.99;2022-05-15 17:20:59;False;2023-09-07 01:32:30
406;Marketing;beginner;47.9;en;97;34.99;2022-05-31 16:43:35;True;2022-11-06 11:11:23
407;Design;beginner;5.5;en;54;39.99;2022-05-16 22:22:25;True;2023-04-14 06:02:34
408;AI;beginner;29.1;fr;70;44.99;2022-05-22 05:32:36;False;2022-06-21 23:12:23
409;Design;advanced;7.7;fr;36;49.99;2022-05-29 10:41:38;False;2022-12-27 00:42:16
410;Marketing;intermediate;31.0;en;47;59.99;2022-05-10 02:18:40;False;2023-05-09 14:27:43
411;Design;beginner;22.9;es;54;9.99;2022-06-06 18:06:02;False;2023-10-06 09:05:30
412;AI;advanced;10.7;en;85;14.99;2022-06-02 02:30:00;True;2023-09-08 13:02:00
413;Marketing;beginner;21.0;es;32;19.99;2022-05-25 01:59:01;False;2022-11-10 20:09:15
414;Design;advanced;40.6;fr;28;24.99;2022-05-18 12:10:05;False;2023-05-04 04:08:57
415;AI;advanced;10.2;en;84;29.99;2022-05-09 18:56:59;False;2023-05-13 01:31:28
416;Design;advanced;10.1;en;71;34.99;2022-05-14 14:24:48;True;2023-07-21 02:08:50
417;Design;beginner;23.3;en;64;39.99;2022-05-16 12:59:34;True;2022-12-25 14:22:17
418;Marketing;intermediate;30.5;fr;24;44.99;2022-05-30 18:07:17;False;2023-10-12 11:44:32
419;Design;beginner;11.9;en;71;49.99;2022-05-30 13:59:37;True;2022-10-14 08:22:35
420;AI;advanced;34.4;es;99;59.99;2022-05-28 01:17:11;True;2023-10-24 01:38:04
421;AI;intermediate;49.2;es;70;9.99;2022-05-25 14:24:18;True;2023-12-30 08:59:11
422;Marketing;intermediate;49.5;fr;15;14.99;2022-06-07 22:02:00;False;2023-01-24 01:31:08
423;Marketing;beginner;43.5;en;32;19.99;2022-06-10 20:32:03;True;2023-11-18 02:20:17
424;Marketing;advanced;35.8;es;12;24.99;2022-06-04 01:43:11;False;2023-09-07 01:28:59
425;Design;beginner;30.0;fr;36;29.99;2022-06-06 23:08:37;False;2023-10-11 21:41:21
426;Design;intermediate;49.4;es;66;34.99;2022-06-08 19:06:18;True;2022-09-20 05:08:51
427;Marketing;advanced;45.0;fr;12;39.99;2022-05-12 14:00:48;True;2022-10-07 18:00:32
428;AI;intermediate;8.8;es;56;44.99;2022-05-31 02:55:46;True;2023-06-20 08:00:41
429;Design;beginner;27.2;en;7;49.99;2022-06-12 20:14:11;False;2023-10-03 03:28:35
430;Marketing;advanced;14.6;fr;12;59.99;2022-05-08 23:22:16;False;2023-12-20 07:09:32
431;Design;beginner;43.8;en;20;9.99;2022-05-09 04:14:27;False;2023-02-18 03:13:06
432;Design;advanced;49.7;es;61;14.99;2022-05-27 06:39:33;False;2023-07-01 02:06:35
433;AI;advanced;22.8;en;56;19.99;2022-05-13 23:16:29;True;2023-09-18 19:52:44
434;Design;intermediate;11.6;en;3;24.99;2022-05-22 06:33:49;True;2023-08-08 22:15:48
435;AI;beginner;28.2;es;31;29.99;2022-05-16 12:03:56;True;2023-01-29 09:08:50
436;Marketing;intermediate;14.5;es;95;34.99;2022-05-28 14:05:19;True;2023-03-29 14:02:27
437;Design;beginner;45.6;es;89;39.99;2022-06-01 22:48:27;False;2023-01-08 02:34:43
438;Design;beginner;4.8;fr;20;44.99;2022-06-04 15:49:49;False;2023-02-18 17:20:52
439;Marketing;advanced;36.5;en;29;49.99;2022-06-18 09:16:51;False;2023-05-14 07:06:58
440;Design;beginner;10.8;es;71;59.99;2022-05-19 12:59:52;True;2022-09-30 07:06:09
441;Marketing;intermediate;18.4;fr;88;9.99;2022-05-22 23:52:23;True;2023-11-24 18:10:14
442;Design;intermediate;35.9;en;35;14.99;2022-05-27 13:01:59;True;2023-03-08 08:09:58
443;AI;beginner;31.3;fr;69;19.99;2022-05-22 00:05:55;False;2022-08-19 17:12:33
444;Design;intermediate;39.6;en;96;24.99;2022-06-05 13:59:01;True;2023-01-27 14:30:29
445;AI;advanced;36.3;en;19;29.99;2022-05-18 00:11:47;False;2022-10-09 15:11:55
446;Design;beginner;48.7;en;17;34.99;2022-06-12 09:21:42;False;2023-09-23 19:09:29
447;Design;advanced;10.7;fr;41;39.99;2022-05-28 11:15:36;True;2022-09-13 14:07:47
448;Marketing;advanced;3.1;es;15;44.99;2022-05-07 14:57:16;False;2022-10-02 11:50:38
449;Marketing;beginner;49.7;es;72;49.99;2022-06-09 15:47:21;False;2022-11-24 18:01:05
450;Design;beginner;30.9;es;64;59.99;2022-06-05 06:58:57;False;2024-02-14 09:13:56
451;Design;beginner;13.7;en;35;9.99;2022-05-27 11:17:03;True;2023-12-31 09:50:53
452;AI;intermediate;15.5;en;22;14.99;2022-05-27 16:06:05;False;2022-08-18 00:02:35
453;Design;beginner;25.0;es;28;19.99;2022-06-22 14:27:37;True;2023-06-24 13:34:40
454;Design;beginner;3.7;es;13;24.99;2022-05-24 19:44:26;False;2023-04-15 16:40:07
455;Design;advanced;4.8;fr;5;29.99;2022-05-25 05:16:58;False;2023-05-20 23:44:26
456;Design;intermediate;45.3;es;67;34.99;2022-05-26 08:24:44;False;2022-06-17 19:55:39
457;Marketing;beginner;27.9;fr;47;39.99;2022-05-29 10:05:56;True;2023-11-29 03:22:33
458;AI;intermediate;26.4;es;11;44.99;2022-05-05 11:21:32;False;2023-12-23 22:30:15
459;Design;intermediate;23.5;es;30;49.99;2022-06-18 03:51:53;False;2022-06-18 10:00:39
460;AI;beginner;2.0;es;92;59.99;2022-05-08 09:56:54;False;2023-05-06 21:11:18
461;Design;beginner;38.5;en;34;9.99;2022-05-29 17:20:50;True;2022-07-05 18:27:04
462;Marketing;intermediate;41.3;es;88;14.99;2022-05-14 12:18:43;False;2023-07-31 05:55:35
463;Design;advanced;6.0;fr;71;19.99;2022-06-23 12:27:35;False;2023-05-11 18:27:05
464;Design;intermediate;15.1;fr;67;24.99;2022-06-01 12:10:56;True;2023-01-19 11:37:40
465;Design;advanced;31.4;en;57;29.99;2022-05-06 16:00:05;False;2023-01-30 18:18:33
466;Design;intermediate;23.7;es;96;34.99;2022-06-04 07:39:39;False;2022-08-19 15:20:20
467;Design;beginner;45.7;es;86;39.99;2022-05-08 00:26:03;False;2022-06-28 08:25:31
468;AI;beginner;2.2;fr;26;44.99;2022-05-09 01:51:20;False;2022-09-12 17:36:46
469;AI;advanced;23.6;es;68;49.99;2022-05-27 10:23:36;True;2022-12-02 09:30:38
470;AI;intermediate;7.8;fr;92;59.99;2022-06-24 22:22:18;False;2022-12-09 17:23:32
471;Design;intermediate;15.9;es;10;9.99;2022-05-28 18:32:27;True;2023-05-21 12:08:51
472;AI;advanced;40.3;fr;92;14.99;2022-06-04 12:50:19;False;2023-01-08 02:48:57
473;Design;advanced;1.9;es;30;19.99;2022-05-27 02:11:09;False;2023-09-27 13:48:44
474;Design;beginner;23.6;en;3;24.99;2022-05-23 19:43:00;True;2023-06-16 12:45:36
475;AI;intermediate;1.2;es;99;29.99;2022-05-19 03:00:57;True;2023-03-21 01:41:22
476;Design;beginner;49.0;en;78;34.99;2022-06-05 08:01:08;False;2023-05-31 04:44:16
477;Design;beginner;37.4;fr;93;39.99;2022-06-26 09:36:06;False;2023-03-03 22:47:29
478;AI;advanced;25.8;es;99;44.99;2022-05-28 07:48:51;False;2023-03-27 23:00:25
479;Design;advanced;32.9;en;96;49.99;2022-05-22 01:23:24;False;2023-11-07 19:18:01
480;Design;advanced;7.0;fr;10;59.99;2022-06-06 19:35:51;False;2023-06-16 10:05:07
481;Marketing;advanced;33.8;fr;88;9.99;2022-05-17 18:04:23;True;2022-07-02 22:41:44
482;Design;beginner;45.9;en;34;14.99;2022-05-28 05:53:33;True;2023-02-15 00:51:25
483;Marketing;intermediate;36.1;fr;75;19.99;2022-05-31 08:47:34;True;2023-11-22 20:59:50
484;Design;beginner;29.5;en;76;24.99;2022-06-11 10:29:23;False;2023-08-10 12:15:08
485;Marketing;intermediate;7.8;fr;29;29.99;2022-05-28 17:19:23;False;2022-12-07 20:47:16
486;AI;intermediate;49.5;en;85;34.99;2022-05-27 01:54:57;False;2022-06-07 07:13:17
487;Marketing;advanced;5.1;en;21;39.99;2022-05-21 06:47:08;False;2023-02-18 02:21:09
488;AI;beginner;25.3;fr;82;44.99;2022-06-06 03:08:52;True;2024-02-12 02:06:08
489;AI;beginner;29.7;en;98;49.99;2022-06-12 19:10:12;False;2023-07-15 22:46:48
490;AI;advanced;40.8;fr;56;59.99;2022-05-18 05:21:29;False;2023-03-03 19:01:08
491;Marketing;intermediate;7.6;fr;72;9.99;2022-05-26 10:17:11;True;2023-10-14 23:52:53
492;AI;advanced;44.8;en;25;14.99;2022-05-14 14:50:34;True;2023-01-12 18:23:02
493;Marketing;beginner;11.4;en;95;19.99;2022-06-18 06:19:54;False;2023-04-25 02:09:14
494;AI;intermediate;31.3;es;68;24.99;2022-05-06 09:13:47;False;2023-12-18 14:53:44
495;Marketing;beginner;30.8;es;39;29.99;2022-05-19 07:20:45;False;2023-05-11 01:43:56
496;Marketing;advanced;8.9;es;15;34.99;2022-05-08 09:46:33;False;2024-01-14 04:58:31
497;AI;intermediate;38.1;es;56;39.99;2022-06-05 08:31:41;False;2023-12-19 23:15:20
498;AI;intermediate;30.5;en;1;44.99;2022-05-19 05:44:36;False;2023-11-11 11:33:27
499;Marketing;beginner;30.5;en;21;49.99;2022-05-29 00:11:16;False;2023-12-15 09:25:35
500;Design;beginner;21.0;es;3;59.99;2022-05-20 13:21:30;True;2022-08-22 02:09:39
501;AI;beginner;49.9;es;52;9.99;2022-05-31 23:48:30;False;2023-05-30 11:24:06
502;Marketing;intermediate;24.2;en;18;14.99;2022-06-02 18:12:53;True;2023-01-29 06:13:21
503;Design;beginner;10.4;fr;20;19.99;2022-06-02 07:52:53;True;2022-06-17 07:09:48
504;AI;advanced;20.9;es;50;24.99;2022-06-01 14:55:51;True;2022-07-27 02:09:40
505;AI;beginner;21.7;fr;99;29.99;2022-06-04 14:51:08;True;2023-09-10 00:06:27
506;AI;beginner;15.7;en;56;34.99;2022-05-29 16:49:34;False;2023-05-21 20:44:41
507;Design;advanced;46.7;fr;13;39.99;2022-05-10 07:28:44;True;2023-06-15 17:03:53
508;Marketing;advanced;12.4;fr;47;44.99;2022-05-23 13:48:21;False;2023-11-19 10:35:46
509;Marketing;beginner;36.5;fr;65;49.99;2022-05-30 05:50:03;True;2023-06-16 13:43:07
510;Design;beginner;23.9;en;16;59.99;2022-06-14 12:03:27;True;2022-06-15 21:22:11
511;Marketing;beginner;35.4;en;24;9.99;2022-05-15 10:50:48;False;2023-01-30 12:46:30
512;Design;beginner;2.2;fr;57;14.99;2022-05-27 18:11:22;True;2023-02-12 17:35:52
513;AI;advanced;43.4;en;31;19.99;2022-06-09 04:51:03;False;2023-06-07 11:00:43
514;AI;advanced;10.3;en;62;24.99;2022-06-02 19:57:50;True;2023-10-25 11:28:17
515;AI;intermediate;11.0;fr;1;29.99;2022-05-23 12:52:01;True;2022-10-11 01:53:31
516;Marketing;advanced;4.4;fr;6;34.99;2022-06-22 04:05:23;False;2023-02-14 02:04:16
517;Marketing;beginner;21.9;en;32;39.99;2022-05-24 17:02:55;False;2022-12-01 04:43:17
518;Marketing;beginner;38.5;es;74;44.99;2022-06-08 13:26:57;True;2022-08-20 20:35:19
519;Design;beginner;16.8;fr;89;49.99;2022-06-01 22:50:24;False;2023-09-07 12:45:15
520;AI;intermediate;41.7;fr;19;59.99;2022-05-08 15:22:32;True;2023-11-03 13:23:18
521;Design;intermediate;19.0;es;35;9.99;2022-05-17 17:17:16;False;2023-12-22 01:19:05
522;Marketing;intermediate;36.1;fr;4;14.99;2022-06-01 04:33:28;True;2022-09-26 22:08:31
523;AI;advanced;25.5;es;99;19.99;2022-06-06 14:39:00;False;2022-11-02 15:50:58
524;AI;beginner;23.2;en;62;24.99;2022-05-12 01:55:04;True;2023-10-11 07:22:14
525;Design;intermediate;14.3;en;5;29.99;2022-05-09 00:41:30;False;2023-12-22 16:18:51
526;AI;beginner;44.9;fr;70;34.99;2022-05-13 22:18:00;True;2022-11-21 18:56:41
527;Design;beginner;37.5;fr;67;39.99;2022-05-29 20:19:38;False;2024-01-28 02:58:38
528;Design;beginner;30.5;es;54;44.99;2022-06-13 00:20:18;True;2022-11-19 04:13:08
529;AI;advanced;37.6;es;99;49.99;2022-05-15 02:48:04;True;2023-01-14 16:46:28
530;Marketing;intermediate;10.4;fr;65;59.99;2022-06-02 04:49:50;True;2022-12-17 06:05:47
531;AI;beginner;35.0;en;85;9.99;2022-06-10 20:17:43;False;2022-07-08 04:38:59
532;Design;beginner;26.7;fr;16;14.99;2022-06-01 04:52:47;True;2022-09-10 17:43:31
533;AI;advanced;40.4;en;87;19.99;2022-05-29 21:59:55;False;2024-01-06 21:18:07
534;Design;intermediate;35.4;es;28;24.99;2022-05-31 07:20:55;False;2022-08-28 07:15:32
535;Marketing;advanced;18.9;es;21;29.99;2022-06-01 07:45:19;True;2022-12-18 11:07:01
536;AI;advanced;49.3;en;69;34.99;2022-05-13 23:33:47;True;2023-06-10 10:03:51
537;Design;intermediate;18.9;es;76;39.99;2022-05-21 17:33:45;True;2023-04-25 08:57:08
538;Marketing;intermediate;20.4;es;88;44.99;2022-05-17 20:24:34;False;2022-08-18 04:14:14
539;Design;beginner;10.6;es;7;49.99;2022-06-28 20:42:40;True;2023-11-29 01:56:54
540;Marketing;advanced;10.1;en;80;59.99;2022-06-02 02:16:34;True;2023-06-17 17:25:55
541;Marketing;beginner;27.0;fr;97;9.99;2022-06-06 20:06:34;True;2022-09-14 05:32:20
542;Marketing;advanced;40.6;es;95;14.99;2022-05-21 15:37:40;True;2022-10-08 04:50:22
543;Marketing;beginner;14.1;es;73;19.99;2022-05-17 02:35:02;False;2022-06-03 13:58:48
544;AI;beginner;16.7;fr;31;24.99;2022-05-23 06:44:09;True;2023-07-12 04:39:13
545;Design;intermediate;3.5;fr;7;29.99;2022-05-18 01:35:28;False;2023-11-21 13:14:07
546;Marketing;beginner;10.6;en;73;34.99;2022-06-08 15:10:52;True;2023-02-12 15:50:38
547;Design;beginner;1.0;en;61;39.99;2022-05-16 23:11:08;True;2022-08-27 01:05:39
548;AI;advanced;4.0;es;85;44.99;2022-06-07 18:55:54;True;2023-08-15 08:59:54
549;Design;intermediate;25.6;es;79;49.99;2022-05-30 17:41:14;False;2022-08-25 22:48:19
550;Marketing;advanced;39.0;fr;72;59.99;2022-05-26 01:32:27;False;2023-12-26 02:28:27
551;AI;beginner;14.7;en;1;9.99;2022-06-03 14:37:01;False;2023-10-26 14:00:51
552;Design;advanced;22.3;en;81;14.99;2022-05-18 21:30:50;True;2023-06-19 13:12:48
553;Design;beginner;3.2;en;96;19.99;2022-06-09 13:38:44;True;2023-05-02 17:59:54
554;Design;beginner;15.5;es;34;24.99;2022-05-31 13:52:51;False;2023-07-05 02:50:17
555;AI;beginner;2.5;en;62;29.99;2022-05-11 03:49:15;True;2022-09-13 22:56:20
556;AI;intermediate;26.5;en;11;34.99;2022-05-28 13:14:03;False;2023-01-11 22:22:55
557;Marketing;advanced;24.5;es;90;39.99;2022-06-06 16:04:03;False;2022-09-25 06:45:46
558;AI;advanced;25.5;es;94;44.99;2022-05-25 22:21:56;True;2023-04-24 02:31:54
559;Marketing;beginner;3.8;fr;18;49.99;2022-05-28 02:59:11;False;2022-11-22 19:49:37
560;AI;intermediate;39.9;es;33;59.99;2022-06-03 05:20:36;True;2023-07-23 03:48:45
561;Design;advanced;5.7;es;34;9.99;2022-05-24 13:36:07;True;2022-12-28 20:07:30
562;AI;beginner;44.6;es;84;14.99;2022-05-29 01:21:51;False;2023-07-20 20:37:31
563;AI;beginner;27.0;en;25;19.99;2022-05-17 22:03:56;False;2023-03-08 15:56:11
564;AI;beginner;40.6;fr;50;24.99;2022-05-16 00:30:17;False;2023-07-27 06:17:48
565;AI;beginner;24.1;es;82;29.99;2022-05-24 10:50:54;False;2024-01-08 14:38:05
566;Marketing;intermediate;37.7;en;47;34.99;2022-05-27 02:30:18;True;2022-06-15 17:18:50
567;Design;advanced;17.1;es;43;39.99;2022-05-29 05:02:08;True;2022-08-15 10:20:55
568;Design;beginner;27.4;es;37;44.99;2022-05-16 05:00:34;False;2023-06-30 04:30:19
569;AI;intermediate;45.1;fr;69;49.99;2022-05-22 18:40:16;True;2022-11-11 20:53:22
570;Design;beginner;44.5;es;30;59.99;2022-05-20 14:54:49;False;2022-09-07 22:35:06
571;AI;intermediate;23.9;fr;22;9.99;2022-05-25 00:17:07;False;2023-03-17 20:42:50
572;Design;advanced;46.3;es;67;14.99;2022-05-13 07:38:51;False;2023-11-15 12:29:11
573;Design;beginner;1.3;fr;71;19.99;2022-05-21 18:10:05;True;2023-09-16 10:45:37
574;AI;beginner;28.2;fr;83;24.99;2022-05-13 03:36:06;False;2023-10-30 16:25:20
575;Design;beginner;5.8;en;79;29.99;2022-05-15 09:45:08;True;2023-02-11 16:26:35
576;Design;beginner;43.0;fr;57;34.99;2022-05-12 17:58:27;False;2022-09-24 02:22:40
577;Design;beginner;5.0;es;30;39.99;2022-05-19 01:15:27;True;2022-12-31 08:36:03
578;Design;beginner;3.9;fr;53;44.99;2022-05-28 07:21:33;True;2023-09-23 12:02:33
579;Design;beginner;27.8;es;13;49.99;2022-06-20 01:05:09;True;2023-04-20 12:00:02
580;Design;advanced;25.2;es;61;59.99;2022-05-31 00:21:20;True;2023-03-01 23:00:59
581;AI;advanced;5.9;es;2;9.99;2022-05-25 18:21:02;True;2022-10-21 02:26:30
582;AI;beginner;22.1;es;98;14.99;2022-05-17 11:52:09;False;2022-07-31 17:33:46
583;AI;advanced;40.4;es;11;19.99;2022-05-23 14:00:17;False;2023-12-13 00:29:51
584;AI;intermediate;38.7;en;50;24.99;2022-05-29 16:01:39;False;2023-06-19 05:39:19
585;Design;intermediate;38.4;fr;16;29.99;2022-06-04 15:56:09;False;2023-07-03 21:34:03
586;Design;intermediate;40.9;en;40;34.99;2022-05-27 03:05:15;False;2024-01-14 08:03:02
587;Marketing;advanced;36.5;en;32;39.99;2022-06-06 14:20:04;False;2023-08-08 07:59:40
588;Marketing;intermediate;27.1;fr;97;44.99;2022-06-02 21:18:40;False;2022-10-01 11:48:22
589;Marketing;intermediate;2.4;es;97;49.99;2022-05-12 05:41:54;False;2023-09-03 10:47:22
590;Design;beginner;19.7;fr;53;59.99;2022-05-08 10:03:55;True;2023-04-19 13:54:25
591;AI;intermediate;28.5;es;22;9.99;2022-06-06 20:18:47;True;2022-07-27 08:43:34
592;AI;beginner;35.6;es;62;14.99;2022-05-21 03:46:35;False;2023-09-13 22:13:39
593;AI;intermediate;40.3;es;22;19.99;2022-05-24 00:28:50;False;2023-12-21 11:16:31
594;Design;advanced;39.2;en;30;24.99;2022-06-03 00:57:29;False;2023-04-30 13:32:38
595;Marketing;intermediate;5.8;es;91;29.99;2022-06-02 10:31:06;False;2022-08-09 11:03:38
596;Design;advanced;3.4;en;86;34.99;2022-05-23 20:27:59;False;2023-10-10 19:59:54
597;Design;advanced;9.0;en;78;39.99;2022-05-15 10:23:49;False;2022-11-10 18:37:27
598;AI;advanced;20.4;es;50;44.99;2022-06-05 16:27:23;False;2023-01-16 07:30:08
599;Design;intermediate;46.2;fr;20;49.99;2022-05-12 10:39:54;True;2023-11-13 17:06:24
600;Design;beginner;15.5;es;81;59.99;2022-05-04 05:33:02;True;2023-12-18 17:24:57
601;AI;beginner;25.6;es;60;9.99;2022-05-27 14:33:28;True;2022-06-30 18:16:25
602;AI;intermediate;16.3;en;59;14.99;2022-05-16 18:20:04;False;2024-01-09 19:26:29
603;Marketing;intermediate;3.9;en;45;19.99;2022-05-15 19:18:42;False;2023-12-08 09:31:55
604;AI;advanced;35.2;fr;26;24.99;2022-05-13 17:53:34;True;2023-10-23 07:39:47
605;Marketing;beginner;42.4;en;97;29.99;2022-06-03 18:00:10;True;2023-12-30 05:28:00
606;Design;beginner;27.2;en;7;34.99;2022-05-30 11:57:28;True;2023-07-24 14:21:55
607;Marketing;beginner;4.4;fr;75;39.99;2022-06-25 18:08:10;True;2022-10-18 14:16:21
608;Design;advanced;7.9;es;93;44.99;2022-05-26 12:30:00;True;2023-06-11 03:07:11
609;Marketing;advanced;42.0;fr;74;49.99;2022-05-19 02:24:49;False;2022-11-26 06:54:33
610;Design;beginner;11.0;fr;40;59.99;2022-05-27 11:54:39;False;2022-10-10 10:16:00
611;Design;beginner;30.0;fr;3;9.99;2022-05-16 16:49:43;True;2023-10-27 08:19:50
612;Marketing;beginner;49.4;es;6;14.99;2022-05-24 06:21:35;False;2022-11-11 21:44:18
613;Design;intermediate;44.6;en;36;19.99;2022-05-10 03:34:26;True;2023-06-03 14:17:08
614;AI;beginner;6.8;es;68;24.99;2022-05-23 04:57:52;True;2023-05-08 14:19:36
615;Design;intermediate;14.6;en;23;29.99;2022-05-13 06:36:35;True;2022-11-21 06:24:32
616;Design;advanced;46.3;fr;63;34.99;2022-06-02 03:17:34;True;2022-09-08 12:15:41
617;AI;intermediate;12.5;en;94;39.99;2022-07-05 00:46:08;False;2023-10-19 12:26:16
618;AI;beginner;13.7;fr;31;44.99;2022-05-08 15:00:46;True;2022-11-07 17:29:44
619;Marketing;advanced;10.1;en;75;49.99;2022-05-29 08:34:57;True;2022-09-16 04:17:26
620;Design;advanced;2.9;en;30;59.99;2022-05-20 17:55:06;True;2024-02-10 04:30:46
621;Design;beginner;32.5;fr;40;9.99;2022-05-23 17:23:02;False;2022-09-06 19:19:51
622;Marketing;beginner;33.8;en;24;14.99;2022-05-22 11:04:20;True;2022-11-28 01:51:00
623;Marketing;intermediate;18.4;fr;9;19.99;2022-06-08 16:14:13;False;2024-01-27 10:18:15
624;Design;advanced;33.4;es;64;24.99;2022-06-05 20:51:05;True;2022-11-13 08:00:30
625;Design;beginner;44.1;fr;64;29.99;2022-05-17 00:26:41;True;2023-03-26 05:10:48
626;AI;intermediate;30.2;en;82;34.99;2022-06-05 10:52:27;False;2023-05-31 22:49:00
627;Marketing;beginner;11.7;en;90;39.99;2022-05-13 17:18:39;True;2024-01-23 10:47:03
628;AI;beginner;15.9;es;31;44.99;2022-05-29 15:20:23;False;2023-01-24 09:52:37
629;Design;intermediate;29.5;en;37;49.99;2022-05-18 05:35:36;False;2023-03-01 04:59:46
630;Design;advanced;3.5;fr;66;59.99;2022-05-08 20:51:47;False;2023-09-30 15:09:19
631;Design;intermediate;21.6;fr;96;9.99;2022-05-16 07:45:57;True;2022-08-24 01:34:32
632;AI;advanced;17.7;es;85;14.99;2022-05-31 16:29:30;False;2022-08-29 14:19:24
633;Design;beginner;28.1;en;36;19.99;2022-06-17 11:04:21;False;2024-02-10 17:58:40
634;Design;intermediate;47.3;en;44;24.99;2022-06-02 05:03:45;True;2023-11-28 20:26:46
635;Marketing;beginner;46.9;fr;91;29.99;2022-05-10 15:23:56;True;2023-12-22 19:38:15
636;Marketing;advanced;40.8;en;45;34.99;2022-05-31 18:08:27;True;2023-08-03 19:19:14
637;Design;beginner;32.7;en;44;39.99;2022-05-17 15:40:02;False;2022-12-03 20:51:26
638;Design;advanced;3.9;fr;16;44.99;2022-05-19 02:14:41;False;2023-03-16 07:57:08
639;Marketing;beginner;7.4;es;88;49.99;2022-05-27 05:45:04;False;2023-12-09 11:32:42
640;Marketing;beginner;47.5;es;73;59.99;2022-05-06 23:49:51;False;2022-08-08 18:51:17
641;AI;beginner;44.2;es;11;9.99;2022-06-05 14:57:40;True;2023-05-11 22:38:41
642;Design;intermediate;31.2;en;34;14.99;2022-06-06 11:24:14;False;2024-02-11 12:01:52
643;AI;beginner;46.1;fr;11;19.99;2022-05-08 15:11:25;True;2023-03-23 02:08:28
644;Design;beginner;35.2;es;61;24.99;2022-05-27 03:57:16;True;2023-08-03 05:00:48
645;AI;beginner;36.3;fr;56;29.99;2022-05-17 20:24:37;True;2023-11-03 06:36:22
646;Marketing;advanced;32.9;fr;21;34.99;2022-05-29 12:41:46;True;2023-07-16 21:33:04
647;AI;beginner;34.3;fr;92;39.99;2022-05-09 13:25:31;True;2022-09-14 20:43:46
648;Design;beginner;32.1;fr;89;44.99;2022-05-23 08:21:25;True;2023-06-07 18:04:07
649;Design;beginner;48.1;es;30;49.99;2022-05-22 04:30:17;True;2023-11-27 23:09:31
650;AI;intermediate;32.7;es;31;59.99;2022-05-08 15:39:24;False;2022-09-25 00:42:12
651;Design;intermediate;10.5;es;58;9.99;2022-05-06 18:42:04;True;2023-07-05 15:09:21
652;Design;beginner;40.3;fr;57;14.99;2022-05-27 06:46:47;False;2022-07-25 12:26:36
653;AI;beginner;13.4;es;98;19.99;2022-05-20 22:12:09;True;2022-06-26 08:55:05
654;Design;intermediate;17.4;es;23;24.99;2022-05-12 13:25:14;True;2023-04-24 21:00:17
655;AI;intermediate;30.4;fr;55;29.99;2022-05-19 16:02:35;False;2022-06-11 12:29:32
656;AI;advanced;9.8;es;55;34.99;2022-05-29 00:12:23;False;2023-02-12 22:53:38
657;Design;beginner;44.9;es;43;39.99;2022-05-28 09:49:41;False;2023-05-27 07:05:08
658;Design;advanced;47.5;en;96;44.99;2022-05-10 02:17:25;False;2023-10-24 17:42:05
659;Design;beginner;44.2;fr;66;49.99;2022-05-25 06:21:00;True;2023-08-27 12:53:40
660;AI;intermediate;5.8;en;68;59.99;2022-06-20 06:52:29;False;2023-08-25 14:03:23
661;Marketing;advanced;40.9;fr;97;9.99;2022-05-18 01:14:35;True;2023-09-08 04:21:18
662;AI;intermediate;31.4;es;100;14.99;2022-05-29 19:05:43;False;2023-12-17 13:17:46
663;Design;advanced;23.2;fr;38;19.99;2022-05-30 13:15:31;True;2023-08-08 14:49:27
664;Design;beginner;24.6;en;41;24.99;2022-05-26 19:04:50;True;2023-06-28 10:08:55
665;Design;intermediate;1.9;fr;77;29.99;2022-06-28 12:26:48;False;2022-09-09 20:56:45
666;Marketing;intermediate;30.6;fr;42;34.99;2022-05-09 16:02:11;False;2023-10-15 06:11:18
667;Design;beginner;2.2;en;67;39.99;2022-06-01 02:00:12;True;2022-10-14 19:11:02
668;Design;advanced;38.9;en;66;44.99;2022-05-06 20:00:39;True;2022-07-28 05:52:06
669;Marketing;beginner;9.7;es;15;49.99;2022-05-12 17:29:19;True;2023-11-28 16:30:21
670;AI;beginner;27.0;en;22;59.99;2022-05-27 10:45:06;False;2023-11-15 05:42:47
671;AI;beginner;6.1;en;48;9.99;2022-06-04 13:57:44;False;2023-10-18 00:11:53
672;Marketing;beginner;11.2;fr;4;14.99;2022-05-19 19:45:30;False;2023-08-06 12:09:03
673;Design;intermediate;15.2;en;40;19.99;2022-05-21 01:38:34;True;2023-03-16 08:17:35
674;AI;advanced;11.9;es;2;24.99;2022-05-10 14:37:23;True;2022-11-15 22:39:33
675;Marketing;advanced;23.5;fr;24;29.99;2022-06-07 21:39:35;False;2024-01-26 13:08:50
676;AI;beginner;43.5;en;92;34.99;2022-05-27 08:53:38;False;2023-01-05 08:23:27
677;Design;advanced;36.0;en;96;39.99;2022-05-20 04:04:28;False;2023-02-02 19:59:37
678;AI;beginner;42.1;fr;56;44.99;2022-05-22 14:01:37;True;2023-05-18 13:46:38
679;AI;intermediate;21.8;fr;33;49.99;2022-05-14 01:27:05;False;2022-09-29 00:47:09
680;Marketing;intermediate;10.8;es;97;59.99;2022-05-26 10:58:37;True;2023-01-07 18:03:26
681;Design;advanced;25.4;en;44;9.99;2022-05-29 07:35:49;False;2024-01-17 16:46:50
682;Design;advanced;15.7;es;96;14.99;2022-06-04 12:40:52;False;2023-09-10 06:26:58
683;Design;beginner;23.3;es;36;19.99;2022-05-17 09:12:03;True;2024-01-09 23:45:13
684;Design;intermediate;22.8;fr;23;24.99;2022-05-18 07:09:32;True;2023-08-18 10:28:01
685;Design;intermediate;43.8;es;30;29.99;2022-06-14 09:50:25;True;2022-09-17 05:36:20
686;Marketing;advanced;21.4;en;4;34.99;2022-05-30 05:36:26;True;2023-09-16 14:32:02
687;AI;advanced;5.1;en;98;39.99;2022-05-15 00:34:14;True;2022-12-02 17:19:20
688;AI;beginner;4.2;en;27;44.99;2022-05-15 15:04:59;True;2023-12-16 07:14:02
689;Marketing;intermediate;48.0;en;72;49.99;2022-06-01 21:03:49;False;2022-09-20 10:05:20
690;Design;advanced;36.5;fr;41;59.99;2022-05-29 08:07:47;True;2023-03-21 16:50:40
691;Design;beginner;26.1;fr;44;9.99;2022-06-12 20:57:46;False;2022-11-19 01:45:06
692;Design;advanced;19.1;es;96;14.99;2022-06-15 15:06:11;False;2023-01-10 04:05:12
693;AI;advanced;38.9;en;56;19.99;2022-05-22 14:17:36;True;2023-02-13 04:30:49
694;Design;advanced;32.5;en;20;24.99;2022-05-23 16:22:50;True;2023-06-22 01:56:42
695;Marketing;beginner;31.5;es;29;29.99;2022-05-30 18:45:42;False;2023-11-19 15:30:35
696;Design;intermediate;2.2;es;38;34.99;2022-05-25 15:02:20;True;2022-08-08 00:15:40
697;Design;beginner;27.1;fr;16;39.99;2022-05-13 07:44:46;False;2022-09-07 18:42:43
698;Design;intermediate;38.7;en;30;44.99;2022-05-26 17:15:54;False;2023-07-09 10:33:04
699;Design;beginner;22.7;en;71;49.99;2022-06-01 11:49:30;True;2024-01-04 18:47:50
700;Design;beginner;48.5;es;20;59.99;2022-05-28 23:51:19;False;2023-05-04 04:18:01
701;AI;advanced;25.9;fr;69;9.99;2022-05-16 15:49:25;True;2022-11-10 00:06:12
702;Design;beginner;35.7;es;28;14.99;2022-05-12 01:49:51;False;2022-11-21 03:00:49
703;AI;intermediate;10.5;fr;62;19.99;2022-05-09 19:00:15;False;2023-07-06 17:07:33
704;Design;beginner;27.6;fr;41;24.99;2022-05-26 00:55:56;True;2022-07-15 03:26:53
705;Design;intermediate;29.5;fr;20;29.99;2022-05-02 18:48:40;False;2024-01-02 10:56:11
706;Design;intermediate;32.3;en;93;34.99;2022-05-31 03:09:13;False;2023-08-22 22:42:36
707;Marketing;intermediate;47.6;es;24;39.99;2022-06-03 11:15:10;True;2023-01-12 03:48:57
708;Design;beginner;29.8;en;28;44.99;2022-06-11 22:08:28;True;2023-01-23 12:49:21
709;AI;intermediate;32.7;en;31;49.99;2022-06-03 11:59:35;False;2023-11-15 02:50:52
710;Design;intermediate;23.7;fr;20;59.99;2022-05-07 13:15:37;True;2023-01-03 22:12:12
711;Design;advanced;30.8;es;93;9.99;2022-05-27 18:03:29;False;2023-03-21 21:54:41
712;Marketing;beginner;36.1;fr;32;14.99;2022-05-30 21:26:51;True;2022-12-10 11:28:55
713;Design;intermediate;12.5;en;13;19.99;2022-05-15 20:57:15;False;2023-02-04 17:47:21
714;Marketing;intermediate;23.9;fr;18;24.99;2022-06-18 19:22:51;False;2022-08-10 22:40:14
715;Design;advanced;40.1;es;7;29.99;2022-05-22 11:11:23;True;2023-05-30 16:02:16
716;Design;intermediate;5.2;fr;78;34.99;2022-05-29 16:30:03;True;2023-06-24 09:58:07
717;AI;advanced;46.1;en;92;39.99;2022-05-28 09:12:09;True;2022-10-04 06:38:50
718;AI;beginner;35.8;en;52;44.99;2022-05-08 01:21:35;True;2022-06-02 05:36:40
719;Design;beginner;8.0;fr;36;49.99;2022-05-23 16:29:53;False;2023-06-04 15:34:19
720;AI;intermediate;3.3;es;83;59.99;2022-05-20 00:29:52;True;2023-06-03 00:27:57
721;Marketing;beginner;33.4;en;47;9.99;2022-06-27 14:45:04;True;2023-10-09 02:40:16
722;AI;advanced;26.7;es;50;14.99;2022-05-29 22:29:31;True;2022-09-17 14:26:21
723;Design;beginner;45.7;es;44;19.99;2022-06-03 11:13:27;False;2022-08-04 02:29:10
724;Design;advanced;50.0;en;63;24.99;2022-06-12 17:24:01;True;2022-10-02 13:18:03
725;AI;beginner;20.1;en;69;29.99;2022-05-10 04:50:24;True;2024-01-23 21:58:26
726;Design;advanced;3.6;en;67;34.99;2022-05-27 22:12:54;True;2023-01-26 17:25:15
727;Marketing;intermediate;26.8;en;32;39.99;2022-05-06 10:24:55;True;2022-05-14 13:48:06
728;Design;beginner;28.4;en;37;44.99;2022-05-28 03:27:12;False;2022-08-14 20:29:33
729;Marketing;beginner;22.9;fr;73;49.99;2022-05-12 23:33:48;False;2023-07-03 06:47:26
730;Design;beginner;27.4;fr;64;59.99;2022-05-29 17:27:59;True;2023-08-31 12:05:47
731;Design;beginner;24.2;en;53;9.99;2022-05-05 17:20:29;True;2023-09-05 14:35:40
732;Marketing;intermediate;25.7;en;47;14.99;2022-05-23 21:51:17;False;2023-01-29 06:36:12
733;AI;advanced;14.6;en;70;19.99;2022-05-04 16:04:31;False;2022-08-05 13:30:19
734;Marketing;beginner;20.4;fr;88;24.99;2022-05-11 11:38:15;False;2023-01-24 16:07:45
735;Design;beginner;15.3;en;67;29.99;2022-05-10 22:13:33;True;2022-08-30 06:52:36
736;Design;beginner;40.8;en;38;34.99;2022-06-02 12:56:13;False;2023-04-20 23:11:44
737;AI;advanced;15.6;en;11;39.99;2022-05-19 10:46:04;False;2022-09-30 14:37:59
738;Marketing;advanced;35.6;en;47;44.99;2022-05-22 20:33:15;True;2022-10-20 20:35:35
739;Design;beginner;49.8;en;17;49.99;2022-05-19 20:08:23;False;2023-05-27 23:42:16
740;Design;beginner;31.3;fr;7;59.99;2022-05-09 06:55:39;False;2023-01-18 19:02:01
741;AI;intermediate;14.7;en;27;9.99;2022-05-12 01:19:57;True;2022-07-16 08:30:50
742;Design;beginner;20.3;fr;86;14.99;2022-05-13 07:48:31;True;2024-01-17 10:26:27
743;Design;advanced;9.9;fr;66;19.99;2022-05-21 11:54:21;True;2022-07-25 08:40:31
744;AI;intermediate;31.3;es;11;24.99;2022-05-31 21:16:58;True;2022-09-19 15:29:02
745;Marketing;intermediate;3.7;es;12;29.99;2022-05-21 01:42:36;True;2022-06-22 04:30:18
746;Design;advanced;36.3;es;3;34.99;2022-06-25 04:44:05;False;2022-12-08 04:12:07
747;Design;advanced;13.7;fr;43;39.99;2022-05-11 08:26:04;False;2023-10-26 20:04:19
748;AI;intermediate;28.5;es;27;44.99;2022-06-05 11:23:44;True;2024-01-22 16:16:29
749;Marketing;advanced;15.5;fr;12;49.99;2022-05-10 19:17:48;False;2022-09-04 04:52:05
750;AI;beginner;47.0;es;1;59.99;2022-05-17 19:33:13;True;2022-08-15 10:43:02
751;Design;intermediate;19.9;en;67;9.99;2022-05-13 16:40:38;False;2022-09-15 04:31:21
752;AI;beginner;39.0;es;98;14.99;2022-06-04 05:20:10;True;2024-01-28 17:59:01
753;Design;beginner;46.2;es;7;19.99;2022-06-01 07:59:03;False;2022-10-27 08:32:58
754;Design;intermediate;30.0;fr;13;24.99;2022-06-04 14:21:53;False;2024-01-05 14:00:22
755;Design;beginner;10.2;en;20;29.99;2022-05-18 13:23:37;False;2023-10-25 19:14:35
756;AI;advanced;45.5;es;69;34.99;2022-05-28 13:09:47;False;2022-10-22 06:23:23
757;Marketing;intermediate;17.0;fr;18;39.99;2022-05-18 09:45:22;False;2023-12-22 11:03:02
758;Marketing;intermediate;24.9;fr;4;44.99;2022-05-20 22:08:38;False;2023-09-24 14:33:34
759;Marketing;beginner;6.0;fr;47;49.99;2022-06-09 04:13:02;True;2023-12-09 21:16:17
760;AI;beginner;39.3;fr;22;59.99;2022-05-21 07:25:45;True;2023-09-18 04:17:52
761;AI;beginner;49.8;fr;27;9.99;2022-05-24 06:13:38;True;2022-08-06 04:10:30
762;AI;intermediate;14.1;en;50;14.99;2022-05-26 10:46:55;True;2023-04-10 17:06:20
763;AI;advanced;1.3;fr;11;19.99;2022-05-28 08:31:08;False;2023-01-17 12:01:13
764;AI;advanced;19.8;es;92;24.99;2022-05-25 11:03:34;True;2022-06-01 17:26:22
765;Marketing;beginner;46.8;es;39;29.99;2022-06-01 13:34:39;False;2022-08-28 12:31:35
766;Design;intermediate;44.4;es;3;34.99;2022-06-15 11:32:06;False;2023-09-30 08:55:42
767;AI;advanced;6.6;en;1;39.99;2022-05-16 07:44:20;True;2023-07-16 02:04:50
768;AI;advanced;49.7;en;25;44.99;2022-06-11 11:53:39;True;2023-11-01 07:52:55
769;Design;intermediate;31.5;en;76;49.99;2022-06-03 20:32:01;True;2024-01-25 14:03:33
770;Design;beginner;36.8;fr;5;59.99;2022-06-14 20:51:39;False;2022-07-25 03:40:48
771;Design;intermediate;20.9;en;40;9.99;2022-05-30 01:16:39;True;2023-12-26 11:33:59
772;AI;advanced;7.3;es;70;14.99;2022-06-02 08:24:36;True;2022-09-22 14:25:06
773;AI;intermediate;29.9;en;70;19.99;2022-06-04 16:26:36;True;2023-01-02 17:03:30
774;AI;advanced;17.0;fr;87;24.99;2022-05-29 16:50:04;False;2022-10-26 23:24:07
775;AI;advanced;30.0;fr;68;29.99;2022-05-25 02:36:54;True;2023-03-10 14:01:45
776;AI;intermediate;35.0;es;100;34.99;2022-05-16 07:32:56;False;2022-07-02 13:20:19
777;Marketing;intermediate;32.3;es;65;39.99;2022-06-10 02:53:51;False;2023-02-13 11:31:07
778;Design;advanced;43.2;es;71;44.99;2022-06-02 13:57:08;True;2022-12-10 10:38:12
779;Design;beginner;10.5;es;17;49.99;2022-05-18 14:21:07;False;2022-06-05 15:28:06
780;AI;advanced;29.6;fr;83;59.99;2022-06-15 14:13:00;True;2022-07-13 09:13:55
781;Marketing;beginner;11.1;fr;91;9.99;2022-05-24 21:10:04;True;2023-12-18 23:49:33
782;Design;intermediate;21.7;fr;77;14.99;2022-05-08 19:53:59;True;2023-03-24 23:55:41
783;Design;advanced;9.2;es;53;19.99;2022-06-01 08:57:42;False;2022-06-22 05:24:21
784;AI;intermediate;13.5;en;33;24.99;2022-05-18 15:02:51;False;2022-07-11 00:07:32
785;AI;intermediate;9.5;en;100;29.99;2022-06-06 03:08:23;False;2022-09-23 13:36:15
786;AI;advanced;37.4;en;84;34.99;2022-06-03 09:37:24;False;2023-11-28 19:33:43
787;AI;intermediate;37.6;es;59;39.99;2022-05-13 14:39:36;False;2023-12-23 23:02:27
788;AI;intermediate;16.2;fr;59;44.99;2022-05-23 18:49:51;True;2023-08-08 02:33:58
789;Design;intermediate;14.6;en;41;49.99;2022-06-10 22:06:48;False;2023-02-19 11:54:27
790;Design;advanced;3.7;fr;51;59.99;2022-05-18 18:02:06;True;2022-06-05 12:51:34
791;Design;intermediate;42.2;en;64;9.99;2022-06-08 17:42:34;False;2023-01-11 09:04:24
792;AI;intermediate;35.8;en;59;14.99;2022-06-30 22:14:02;False;2024-01-20 21:28:53
793;AI;beginner;16.8;fr;62;19.99;2022-05-29 13:49:01;True;2023-02-22 20:33:53
794;AI;advanced;12.3;en;50;24.99;2022-06-01 13:20:17;True;2023-07-02 22:21:48
795;AI;advanced;24.6;fr;68;29.99;2022-06-04 05:38:22;False;2023-12-14 16:34:37
796;Marketing;beginner;41.4;fr;9;34.99;2022-05-19 05:14:08;False;2023-12-01 17:46:35
797;Marketing;beginner;25.1;en;80;39.99;2022-05-25 17:31:45;True;2023-11-10 18:50:26
798;AI;beginner;20.7;fr;84;44.99;2022-05-21 02:57:50;True;2022-12-19 17:51:14
799;Marketing;beginner;42.8;en;24;49.99;2022-05-20 13:03:17;False;2023-07-03 23:55:59
800;Design;advanced;46.2;en;58;59.99;2022-05-21 12:26:50;True;2023-10-24 10:08:46
801;AI;beginner;12.2;fr;68;9.99;2022-06-01 02:17:42;False;2023-09-29 07:18:09
802;Design;advanced;34.6;fr;16;14.99;2022-05-23 20:18:32;False;2022-09-17 17:21:40
803;Design;advanced;35.0;en;28;19.99;2022-05-31 12:30:42;True;2023-06-04 17:13:32
804;Design;beginner;39.7;en;71;24.99;2022-05-20 23:50:53;True;2023-02-11 07:00:38
805;Design;intermediate;13.5;fr;86;29.99;2022-06-06 05:03:09;False;2023-05-16 15:13:31
806;Design;advanced;4.6;fr;38;34.99;2022-05-17 01:46:22;True;2024-02-05 13:20:07
807;Design;intermediate;6.6;fr;35;39.99;2022-06-10 13:20:30;True;2022-10-20 11:50:57
808;Marketing;beginner;34.8;fr;6;44.99;2022-05-03 23:56:32;True;2022-12-28 12:48:20
809;AI;advanced;33.9;es;22;49.99;2022-05-09 11:51:52;True;2022-06-20 09:24:12
810;Marketing;intermediate;25.5;fr;72;59.99;2022-06-02 07:17:31;True;2022-12-14 06:25:53
811;AI;beginner;39.0;fr;84;9.99;2022-05-30 04:21:28;True;2023-02-25 05:19:43
812;Design;beginner;40.7;fr;89;14.99;2022-05-08 02:20:29;False;2022-06-19 02:20:38
813;Design;beginner;33.9;fr;43;19.99;2022-06-16 03:59:56;False;2023-02-13 02:50:40
814;Design;advanced;30.3;fr;66;24.99;2022-05-07 03:05:42;True;2022-06-19 17:09:05
815;AI;intermediate;10.1;en;98;29.99;2022-05-17 04:04:28;False;2023-11-19 10:26:44
816;Marketing;beginner;46.6;es;46;34.99;2022-05-26 07:21:16;True;2022-12-01 13:20:59
817;Marketing;beginner;42.6;fr;88;39.99;2022-05-08 15:32:33;True;2022-09-07 00:33:21
818;Design;intermediate;8.2;fr;96;44.99;2022-06-08 03:30:53;False;2022-07-14 07:49:47
819;Design;beginner;41.1;en;66;49.99;2022-05-28 02:49:13;False;2022-10-14 11:34:33
820;Design;beginner;30.5;fr;76;59.99;2022-06-05 18:32:30;False;2023-03-16 06:14:37
821;Marketing;advanced;5.0;fr;21;9.99;2022-05-21 07:14:10;False;2022-10-04 04:16:37
822;Design;advanced;49.5;es;67;14.99;2022-05-15 13:53:25;True;2023-04-06 04:30:46
823;Marketing;beginner;45.1;fr;97;19.99;2022-05-20 14:27:05;True;2022-08-07 12:07:00
824;Design;beginner;19.8;es;63;24.99;2022-05-06 11:06:13;True;2023-06-26 10:17:05
825;Design;intermediate;8.5;fr;64;29.99;2022-05-29 04:25:40;True;2023-01-23 10:01:17
826;Design;intermediate;40.0;es;81;34.99;2022-05-19 12:24:07;True;2023-07-25 21:31:22
827;AI;beginner;30.6;fr;11;39.99;2022-05-26 03:05:19;False;2023-12-27 18:22:39
828;AI;advanced;18.4;en;22;44.99;2022-05-23 13:11:45;True;2022-08-27 02:15:18
829;Marketing;intermediate;2.1;es;9;49.99;2022-05-18 08:38:40;False;2024-01-25 15:35:11
830;Marketing;beginner;13.0;es;72;59.99;2022-05-12 22:32:11;True;2022-06-15 10:12:31
831;Design;beginner;40.2;en;17;9.99;2022-06-01 14:12:22;False;2023-07-05 18:28:26
832;Design;beginner;11.3;es;71;14.99;2022-05-18 01:51:48;True;2023-05-22 16:30:12
833;Marketing;beginner;36.0;en;4;19.99;2022-05-19 13:29:27;False;2023-11-13 15:18:43
834;Design;beginner;39.5;fr;17;24.99;2022-05-20 02:23:06;False;2023-10-27 11:28:27
835;AI;advanced;45.8;es;70;29.99;2022-06-01 16:11:33;True;2023-03-27 13:01:14
836;Design;advanced;39.7;en;3;34.99;2022-05-07 02:43:08;False;2022-07-21 08:20:55
837;Design;intermediate;45.1;fr;77;39.99;2022-05-26 11:29:12;False;2024-02-13 23:23:04
838;Design;advanced;44.9;fr;57;44.99;2022-06-04 00:15:15;False;2023-02-24 17:23:39
839;AI;beginner;34.0;en;1;49.99;2022-05-22 12:47:38;False;2023-06-13 03:59:21
840;AI;advanced;42.1;es;52;59.99;2022-05-20 12:31:32;False;2023-03-24 07:04:26
841;Marketing;intermediate;42.9;en;29;9.99;2022-05-23 21:23:29;True;2022-12-10 10:19:11
842;AI;intermediate;24.5;en;85;14.99;2022-06-10 01:46:22;False;2023-05-31 23:32:24
843;Design;intermediate;35.2;en;16;19.99;2022-06-04 15:02:59;False;2023-04-13 13:18:19
844;AI;intermediate;4.4;en;2;24.99;2022-05-17 07:53:03;True;2022-07-01 10:54:38
845;AI;intermediate;40.5;es;83;29.99;2022-06-13 13:04:27;True;2023-10-27 01:11:46
846;Marketing;intermediate;9.2;es;80;34.99;2022-05-08 14:25:03;False;2022-07-05 05:09:15
847;AI;beginner;44.8;es;98;39.99;2022-05-12 23:54:41;True;2023-10-26 02:04:23
848;Design;advanced;16.7;fr;38;44.99;2022-05-12 12:49:46;True;2023-10-27 06:20:21
849;Marketing;intermediate;49.9;es;18;49.99;2022-05-31 09:37:42;True;2022-07-16 17:19:24
850;Marketing;advanced;23.3;es;12;59.99;2022-05-17 08:32:43;False;2023-09-08 03:04:06
851;Design;advanced;30.3;en;64;9.99;2022-05-23 13:26:08;False;2023-10-03 06:34:38
852;Design;beginner;6.1;es;61;14.99;2022-05-20 07:48:47;True;2023-10-30 14:44:15
853;Marketing;beginner;47.9;es;46;19.99;2022-05-28 02:28:02;False;2024-01-19 01:50:59
854;AI;intermediate;38.3;es;11;24.99;2022-05-28 08:04:10;True;2022-07-05 15:18:55
855;Design;beginner;8.5;en;17;29.99;2022-05-30 09:04:36;True;2022-10-16 01:54:31
856;AI;advanced;13.8;es;19;34.99;2022-05-29 11:03:01;True;2023-05-09 10:59:22
857;Marketing;advanced;49.1;fr;32;39.99;2022-05-12 18:43:51;True;2023-07-09 03:04:38
858;AI;advanced;26.7;fr;55;44.99;2022-06-08 02:39:02;False;2023-10-12 16:20:15
859;Marketing;beginner;6.0;en;4;49.99;2022-06-08 09:25:15;True;2023-02-18 09:39:42
860;AI;beginner;31.7;fr;82;59.99;2022-06-01 00:44:55;True;2022-12-22 04:45:28
861;Design;advanced;43.4;es;81;9.99;2022-05-26 23:04:16;True;2023-10-11 21:08:51
862;AI;advanced;3.3;en;69;14.99;2022-06-16 03:43:45;False;2023-04-29 22:12:08
863;Design;beginner;14.3;es;30;19.99;2022-05-26 04:01:11;False;2023-05-15 08:30:21
864;Design;advanced;7.4;en;53;24.99;2022-05-19 12:43:00;True;2022-09-06 00:26:38
865;Marketing;beginner;19.1;es;6;29.99;2022-05-11 18:55:28;True;2023-01-24 00:39:58
866;AI;beginner;5.4;fr;19;34.99;2022-05-30 16:56:38;True;2023-05-21 00:08:57
867;Design;advanced;27.4;es;96;39.99;2022-05-15 02:51:49;False;2022-07-28 07:07:56
868;AI;intermediate;13.0;fr;98;44.99;2022-05-17 05:33:23;False;2023-02-21 10:59:57
869;AI;advanced;38.6;es;25;49.99;2022-05-09 01:50:14;False;2022-07-26 10:55:08
870;AI;beginner;14.0;en;85;59.99;2022-05-20 23:16:26;True;2023-05-19 06:48:31
871;Marketing;beginner;31.4;en;29;9.99;2022-05-15 04:31:24;False;2023-09-19 13:42:12
872;Design;beginner;20.0;en;34;14.99;2022-05-28 20:12:17;True;2022-12-31 18:51:21
873;AI;advanced;6.4;fr;100;19.99;2022-06-02 21:28:22;True;2023-10-06 23:22:26
874;Design;intermediate;40.2;en;67;24.99;2022-05-28 12:56:42;True;2023-09-27 00:56:43
875;Design;beginner;18.7;fr;57;29.99;2022-05-18 07:23:10;False;2023-10-20 00:11:18
876;Design;intermediate;38.4;es;78;34.99;2022-05-17 06:00:18;True;2023-02-14 16:21:25
877;AI;intermediate;37.6;es;56;39.99;2022-05-26 04:46:12;False;2024-01-26 03:53:37
878;Marketing;intermediate;10.0;fr;18;44.99;2022-05-06 04:05:50;False;2023-09-22 23:52:53
879;Design;beginner;7.7;en;77;49.99;2022-05-29 08:14:42;False;2023-07-18 01:18:15
880;Design;intermediate;46.7;fr;76;59.99;2022-05-28 01:03:29;True;2023-07-22 05:26:44
881;Marketing;beginner;9.6;en;18;9.99;2022-06-02 15:25:02;False;2022-09-11 22:16:02
882;Design;beginner;20.4;es;17;14.99;2022-05-04 15:59:36;False;2022-11-02 06:40:12
883;Design;beginner;13.0;fr;93;19.99;2022-05-25 17:19:53;True;2023-11-08 23:49:16
884;Design;advanced;17.3;fr;57;24.99;2022-06-20 06:59:51;True;2023-10-02 19:11:02
885;Design;beginner;49.9;es;41;29.99;2022-06-02 06:38:10;False;2022-09-30 16:02:30
886;Design;advanced;23.9;en;93;34.99;2022-05-28 23:55:50;True;2022-11-05 03:59:34
887;Design;advanced;14.9;fr;96;39.99;2022-05-15 10:44:38;False;2022-06-08 09:59:39
888;AI;intermediate;18.8;es;87;44.99;2022-06-01 01:16:28;True;2023-01-16 01:52:47
889;Marketing;intermediate;16.4;en;39;49.99;2022-06-09 04:20:08;False;2023-07-30 19:59:44
890;Design;beginner;32.4;fr;40;59.99;2022-10-30 05:33:24;True;2023-12-08 16:52:35